"","KEGG_N_GLYCAN_BIOSYNTHESIS","KEGG_OTHER_GLYCAN_DEGRADATION","KEGG_O_GLYCAN_BIOSYNTHESIS","KEGG_GLYCOSAMINOGLYCAN_DEGRADATION","KEGG_GLYCOSAMINOGLYCAN_BIOSYNTHESIS_KERATAN_SULFATE","KEGG_GLYCEROLIPID_METABOLISM","KEGG_GLYCOSYLPHOSPHATIDYLINOSITOL_GPI_ANCHOR_BIOSYNTHESIS","KEGG_GLYCEROPHOSPHOLIPID_METABOLISM","KEGG_ETHER_LIPID_METABOLISM","KEGG_ARACHIDONIC_ACID_METABOLISM","KEGG_LINOLEIC_ACID_METABOLISM","KEGG_ALPHA_LINOLENIC_ACID_METABOLISM","KEGG_SPHINGOLIPID_METABOLISM","KEGG_GLYCOSPHINGOLIPID_BIOSYNTHESIS_LACTO_AND_NEOLACTO_SERIES","KEGG_GLYCOSPHINGOLIPID_BIOSYNTHESIS_GLOBO_SERIES","KEGG_GLYCOSPHINGOLIPID_BIOSYNTHESIS_GANGLIO_SERIES","KEGG_RIBOFLAVIN_METABOLISM","KEGG_NICOTINATE_AND_NICOTINAMIDE_METABOLISM","KEGG_PANTOTHENATE_AND_COA_BIOSYNTHESIS","KEGG_AMINOACYL_TRNA_BIOSYNTHESIS","KEGG_BASAL_TRANSCRIPTION_FACTORS","KEGG_NON_HOMOLOGOUS_END_JOINING","KEGG_SNARE_INTERACTIONS_IN_VESICULAR_TRANSPORT","KEGG_LYSOSOME","KEGG_CARDIAC_MUSCLE_CONTRACTION","KEGG_RENIN_ANGIOTENSIN_SYSTEM","KEGG_CIRCADIAN_RHYTHM_MAMMAL","KEGG_TASTE_TRANSDUCTION","KEGG_PROXIMAL_TUBULE_BICARBONATE_RECLAMATION","KEGG_PATHOGENIC_ESCHERICHIA_COLI_INFECTION","KEGG_SYSTEMIC_LUPUS_ERYTHEMATOSUS","KEGG_PRIMARY_IMMUNODEFICIENCY","KEGG_HYPERTROPHIC_CARDIOMYOPATHY_HCM","KEGG_ARRHYTHMOGENIC_RIGHT_VENTRICULAR_CARDIOMYOPATHY_ARVC","KEGG_DILATED_CARDIOMYOPATHY","KEGG_GLYCOLYSIS_GLUCONEOGENESIS","KEGG_CITRATE_CYCLE_TCA_CYCLE","KEGG_PENTOSE_PHOSPHATE_PATHWAY","KEGG_PENTOSE_AND_GLUCURONATE_INTERCONVERSIONS","KEGG_FRUCTOSE_AND_MANNOSE_METABOLISM","KEGG_GALACTOSE_METABOLISM","KEGG_ASCORBATE_AND_ALDARATE_METABOLISM","KEGG_FATTY_ACID_METABOLISM","KEGG_STEROID_BIOSYNTHESIS","KEGG_PRIMARY_BILE_ACID_BIOSYNTHESIS","KEGG_STEROID_HORMONE_BIOSYNTHESIS","KEGG_OXIDATIVE_PHOSPHORYLATION","KEGG_PURINE_METABOLISM","KEGG_PYRIMIDINE_METABOLISM","KEGG_ALANINE_ASPARTATE_AND_GLUTAMATE_METABOLISM","KEGG_GLYCINE_SERINE_AND_THREONINE_METABOLISM","KEGG_CYSTEINE_AND_METHIONINE_METABOLISM","KEGG_VALINE_LEUCINE_AND_ISOLEUCINE_DEGRADATION","KEGG_VALINE_LEUCINE_AND_ISOLEUCINE_BIOSYNTHESIS","KEGG_LYSINE_DEGRADATION","KEGG_ARGININE_AND_PROLINE_METABOLISM","KEGG_HISTIDINE_METABOLISM","KEGG_TYROSINE_METABOLISM","KEGG_PHENYLALANINE_METABOLISM","KEGG_TRYPTOPHAN_METABOLISM","KEGG_BETA_ALANINE_METABOLISM","KEGG_TAURINE_AND_HYPOTAURINE_METABOLISM","KEGG_SELENOAMINO_ACID_METABOLISM","KEGG_GLUTATHIONE_METABOLISM","KEGG_STARCH_AND_SUCROSE_METABOLISM","KEGG_AMINO_SUGAR_AND_NUCLEOTIDE_SUGAR_METABOLISM","KEGG_GLYCOSAMINOGLYCAN_BIOSYNTHESIS_CHONDROITIN_SULFATE","KEGG_GLYCOSAMINOGLYCAN_BIOSYNTHESIS_HEPARAN_SULFATE","KEGG_INOSITOL_PHOSPHATE_METABOLISM","KEGG_PYRUVATE_METABOLISM","KEGG_GLYOXYLATE_AND_DICARBOXYLATE_METABOLISM","KEGG_PROPANOATE_METABOLISM","KEGG_BUTANOATE_METABOLISM","KEGG_ONE_CARBON_POOL_BY_FOLATE","KEGG_FOLATE_BIOSYNTHESIS","KEGG_RETINOL_METABOLISM","KEGG_PORPHYRIN_AND_CHLOROPHYLL_METABOLISM","KEGG_TERPENOID_BACKBONE_BIOSYNTHESIS","KEGG_LIMONENE_AND_PINENE_DEGRADATION","KEGG_NITROGEN_METABOLISM","KEGG_SULFUR_METABOLISM","KEGG_METABOLISM_OF_XENOBIOTICS_BY_CYTOCHROME_P450","KEGG_DRUG_METABOLISM_CYTOCHROME_P450","KEGG_DRUG_METABOLISM_OTHER_ENZYMES","KEGG_BIOSYNTHESIS_OF_UNSATURATED_FATTY_ACIDS","KEGG_ABC_TRANSPORTERS","KEGG_RIBOSOME","KEGG_RNA_DEGRADATION","KEGG_RNA_POLYMERASE","KEGG_DNA_REPLICATION","KEGG_SPLICEOSOME","KEGG_PROTEASOME","KEGG_PROTEIN_EXPORT","KEGG_PPAR_SIGNALING_PATHWAY","KEGG_BASE_EXCISION_REPAIR","KEGG_NUCLEOTIDE_EXCISION_REPAIR","KEGG_MISMATCH_REPAIR","KEGG_HOMOLOGOUS_RECOMBINATION","KEGG_MAPK_SIGNALING_PATHWAY","KEGG_ERBB_SIGNALING_PATHWAY","KEGG_CALCIUM_SIGNALING_PATHWAY","KEGG_CYTOKINE_CYTOKINE_RECEPTOR_INTERACTION","KEGG_CHEMOKINE_SIGNALING_PATHWAY","KEGG_PHOSPHATIDYLINOSITOL_SIGNALING_SYSTEM","KEGG_NEUROACTIVE_LIGAND_RECEPTOR_INTERACTION","KEGG_CELL_CYCLE","KEGG_OOCYTE_MEIOSIS","KEGG_P53_SIGNALING_PATHWAY","KEGG_UBIQUITIN_MEDIATED_PROTEOLYSIS","KEGG_REGULATION_OF_AUTOPHAGY","KEGG_ENDOCYTOSIS","KEGG_PEROXISOME","KEGG_MTOR_SIGNALING_PATHWAY","KEGG_APOPTOSIS","KEGG_VASCULAR_SMOOTH_MUSCLE_CONTRACTION","KEGG_WNT_SIGNALING_PATHWAY","KEGG_DORSO_VENTRAL_AXIS_FORMATION","KEGG_NOTCH_SIGNALING_PATHWAY","KEGG_HEDGEHOG_SIGNALING_PATHWAY","KEGG_TGF_BETA_SIGNALING_PATHWAY","KEGG_AXON_GUIDANCE","KEGG_VEGF_SIGNALING_PATHWAY","KEGG_FOCAL_ADHESION","KEGG_ECM_RECEPTOR_INTERACTION","KEGG_CELL_ADHESION_MOLECULES_CAMS","KEGG_ADHERENS_JUNCTION","KEGG_TIGHT_JUNCTION","KEGG_GAP_JUNCTION","KEGG_COMPLEMENT_AND_COAGULATION_CASCADES","KEGG_ANTIGEN_PROCESSING_AND_PRESENTATION","KEGG_TOLL_LIKE_RECEPTOR_SIGNALING_PATHWAY","KEGG_NOD_LIKE_RECEPTOR_SIGNALING_PATHWAY","KEGG_RIG_I_LIKE_RECEPTOR_SIGNALING_PATHWAY","KEGG_CYTOSOLIC_DNA_SENSING_PATHWAY","KEGG_JAK_STAT_SIGNALING_PATHWAY","KEGG_HEMATOPOIETIC_CELL_LINEAGE","KEGG_NATURAL_KILLER_CELL_MEDIATED_CYTOTOXICITY","KEGG_T_CELL_RECEPTOR_SIGNALING_PATHWAY","KEGG_B_CELL_RECEPTOR_SIGNALING_PATHWAY","KEGG_FC_EPSILON_RI_SIGNALING_PATHWAY","KEGG_FC_GAMMA_R_MEDIATED_PHAGOCYTOSIS","KEGG_LEUKOCYTE_TRANSENDOTHELIAL_MIGRATION","KEGG_INTESTINAL_IMMUNE_NETWORK_FOR_IGA_PRODUCTION","KEGG_LONG_TERM_POTENTIATION","KEGG_NEUROTROPHIN_SIGNALING_PATHWAY","KEGG_LONG_TERM_DEPRESSION","KEGG_OLFACTORY_TRANSDUCTION","KEGG_REGULATION_OF_ACTIN_CYTOSKELETON","KEGG_INSULIN_SIGNALING_PATHWAY","KEGG_GNRH_SIGNALING_PATHWAY","KEGG_PROGESTERONE_MEDIATED_OOCYTE_MATURATION","KEGG_MELANOGENESIS","KEGG_ADIPOCYTOKINE_SIGNALING_PATHWAY","KEGG_TYPE_II_DIABETES_MELLITUS","KEGG_TYPE_I_DIABETES_MELLITUS","KEGG_MATURITY_ONSET_DIABETES_OF_THE_YOUNG","KEGG_ALDOSTERONE_REGULATED_SODIUM_REABSORPTION","KEGG_VASOPRESSIN_REGULATED_WATER_REABSORPTION","KEGG_ALZHEIMERS_DISEASE","KEGG_PARKINSONS_DISEASE","KEGG_AMYOTROPHIC_LATERAL_SCLEROSIS_ALS","KEGG_HUNTINGTONS_DISEASE","KEGG_PRION_DISEASES","KEGG_VIBRIO_CHOLERAE_INFECTION","KEGG_EPITHELIAL_CELL_SIGNALING_IN_HELICOBACTER_PYLORI_INFECTION","KEGG_LEISHMANIA_INFECTION","KEGG_PATHWAYS_IN_CANCER","KEGG_COLORECTAL_CANCER","KEGG_RENAL_CELL_CARCINOMA","KEGG_PANCREATIC_CANCER","KEGG_ENDOMETRIAL_CANCER","KEGG_GLIOMA","KEGG_PROSTATE_CANCER","KEGG_THYROID_CANCER","KEGG_BASAL_CELL_CARCINOMA","KEGG_MELANOMA","KEGG_BLADDER_CANCER","KEGG_CHRONIC_MYELOID_LEUKEMIA","KEGG_ACUTE_MYELOID_LEUKEMIA","KEGG_SMALL_CELL_LUNG_CANCER","KEGG_NON_SMALL_CELL_LUNG_CANCER","KEGG_ASTHMA","KEGG_AUTOIMMUNE_THYROID_DISEASE","KEGG_ALLOGRAFT_REJECTION","KEGG_GRAFT_VERSUS_HOST_DISEASE","KEGG_VIRAL_MYOCARDITIS"
"TCGA-W5-AA2U-11A",-0.24536389537864,-0.183026549394096,-0.377883008605027,-0.28514817246207,-0.418683011535326,0.134022048539647,-0.298402619963516,-0.106691038582925,0.115865407309722,0.410894447604154,0.637078112601457,0.405665341195226,-0.196994685779094,-0.257020329931347,-0.329734607843347,-0.627667607510459,-0.0475620253545002,0.287317233059131,0.391779705378389,-0.506944358352247,-0.201329754855704,-0.538736774230391,-0.379122754897859,-0.125001294961504,0.0590726664666617,0.307918641088764,0.128008269938556,-0.0825858027633146,0.402402481750294,-0.350997949030255,0.260290557902085,-0.0578920422627897,-0.242729648121264,-0.26448606955594,-0.277264872360354,0.320369812323892,0.0738116246578506,0.258777592896828,0.632684055063355,-0.0019670536424084,0.162191902539537,0.533954774777871,0.687886832117214,0.45591891991726,0.826580016824929,0.592284148051848,0.209310385290824,-0.145046339650931,-0.227874678551286,0.591271969625646,0.703012637287459,0.493502379858714,0.676930239023736,-0.477022410022201,0.298391435736036,0.457875068510223,0.576118474368334,0.561740032124754,0.667725451494942,0.647607864567955,0.662780086676895,0.396126117302839,0.167640533689429,0.203366864106447,0.435846902583854,0.218303480795482,-0.465830161222218,-0.173124418666595,-0.346330687205456,0.260905000327472,0.37974458785383,0.571296742923216,0.619760417747962,0.17074653521011,0.544451768499005,0.688675170013978,0.390259862353338,0.119067639802572,0.663828917205992,0.437664785443052,0.486486808246629,0.625695899591696,0.664309925837033,0.646741195275622,0.455632547352002,0.102969195063626,0.322837959139084,-0.247371497443845,-0.265011876369992,-0.503380961665309,-0.174864153584624,-0.335825740214227,0.195427172873381,0.550023801974197,-0.392620281607491,-0.300142699260012,-0.460369343723778,-0.53998992670774,-0.13768575041483,-0.281918211511617,-0.0146346323709563,0.120408437851711,-0.119382430030842,-0.325044860633578,0.195714776491585,-0.390925405348915,-0.200243101655489,-0.0396443321552845,-0.347706874643185,-0.194804991062586,-0.370107957349575,0.492812251546933,-0.435334492543404,-0.39806379110727,-0.141786379799823,-0.230049236689531,-0.355860584717115,-0.489096547540076,-0.139205270987638,-0.221875485336719,-0.29886890504949,-0.332383517321456,-0.41216026501854,-0.443929962766741,-0.0778319155801075,-0.372653140320432,-0.243844817074482,-0.240085683380657,0.650199750629905,0.211613573136723,0.00218017532579309,-0.311225850902012,-0.257403692632989,0.123593023460106,-0.11983478171463,0.149996614155522,-0.0479787300091379,-0.261708629400945,-0.253310382581848,-0.441126288019697,-0.462006804719096,-0.262608536239472,0.191892891674961,0.0201891584683973,-0.33005021206834,-0.0662539700652204,0.332600703250868,-0.372757083549447,-0.198394094402057,-0.235947295058068,-0.347300064306834,-0.0774009239556298,0.0115322270482265,-0.339079002614306,0.268321786130767,0.294004206139945,0.0244277283859052,-0.349806471445778,0.084637574557659,0.288272938048183,-0.0880270645039817,0.000399391141594874,0.333985525091374,-0.281414126725485,-0.356879449204968,-0.0713046342559156,-0.289639407458494,-0.378804051974365,-0.348773006150627,-0.534027644991607,-0.377146280212217,-0.346347947021547,-0.250724545981086,-0.158240549062757,-0.0894125866320669,-0.236051356336767,-0.343535801523221,-0.49013895497752,-0.384004703699508,-0.50074723477294,-0.424498674683812,0.275621214305933,0.329639933421251,0.299103062591509,0.455702031292121,-0.0543961957531321
"TCGA-W5-AA2X-11A",-0.561124213522952,-0.494408040285767,0.0965858823643759,-0.366738332424798,-0.254677700825016,0.370657464767639,-0.447056778498304,0.170037633130378,0.0563235819498819,0.33959215421776,0.543288359925693,0.342242271074418,-0.278453314702685,-0.244196517770548,-0.239236247022183,0.00591143421458823,-0.356591848307907,0.339517489879871,0.382175317356487,-0.490571614904222,-0.365737758222022,-0.541665344017402,-0.49978685382716,-0.413415979331447,-0.287809219789045,0.295746462774286,0.191955681124214,0.119790848065755,0.254089955049122,-0.381228309252914,-0.107911547735397,0.205623279924645,0.0268811299214514,-0.112031065612398,-0.0253877350665053,0.400027214656304,0.22414267992258,0.128990239664595,0.446637895333345,-0.141478871038298,-0.0875213197198456,0.620510597005228,0.661468652489628,0.643190227192102,0.746864104690343,0.564431706475448,-0.461942441588615,-0.40240513216547,-0.46808123774548,0.591304056618454,0.661804844607402,0.30832657745713,0.605257297412278,-0.0874415267994283,0.291164520299097,0.416191321179905,0.579086757962899,0.544360357288757,0.62707730313941,0.628184739398494,0.614098361882366,0.459897969838116,0.211660515408317,0.0130673740249452,0.399275934889435,-0.203129140345632,-0.265003720297288,-0.175857461711034,-0.0566012516524358,0.408120034700608,0.391097181597311,0.544599648368104,0.609377875628977,0.068748611647419,0.359796074775458,0.62245037570565,0.187761910501763,0.517503496677696,0.578775800387096,0.437046103498793,0.281629643213363,0.568352072664569,0.625717479919369,0.484543799303633,0.413016449252843,0.360191897635677,-0.827476799939982,-0.495760933508335,-0.575684213671989,-0.700439212093762,-0.558178010268803,-0.489661168831497,-0.58317265899027,0.576718856811531,-0.49456398278926,-0.57291847772364,-0.697461280097093,-0.59336626914856,0.042562009600497,-0.223607173860361,0.164769296318076,0.310782188401387,0.106747609445058,-0.0169475138799692,0.265077766230735,-0.49351191009218,-0.323563763595223,-0.2752787757292,-0.404135714044538,-0.0984945930081244,-0.308380451099445,0.404174789591989,-0.253986237106195,0.0181017808541327,0.0719985896826211,-0.178656737315473,-0.0964640860069227,-0.301121493127323,0.0607395610295876,-0.159413951286798,-0.0605208544995624,0.00512234475176462,-0.168639227636453,0.00982633220100737,0.218247052247699,-0.344962760082176,-0.15164603144658,-0.287224531809313,0.668473663712316,-0.197738872581818,0.0869907768865475,0.0633889646724917,-0.181976870209957,-0.0658726451601371,0.179188845362979,0.203976456574924,0.17180583141466,-0.0204203496829061,0.128820151592058,-0.0716881116961004,-0.137156121930083,0.0551194662104089,0.0677303656441694,-0.130153093233241,-0.267275263408172,-0.0346300399891052,0.37465732235475,-0.156952779089279,-0.0342032238185931,-0.10023665507546,-0.30777222846509,-0.0981157485677371,0.280715341781019,0.046641117561731,-0.23741199223782,0.477173324110633,-0.17342036695,-0.399629402555347,-0.38570376325718,-0.427424743149389,0.0665820034185368,-0.444659390340138,0.21495248897087,-0.373086931315631,-0.169288244860236,-0.155896618457902,-0.144943294780985,-0.309579755559474,-0.226254919230158,-0.308108760576729,-0.306726390327705,-0.140535464446156,-0.269673563499515,-0.119989044210025,-0.0555606197209447,0.0348050583961692,-0.329710140877579,-0.338837805645508,-0.229819990471227,-0.203498194879952,-0.225500036960108,-0.112260933900497,0.00743718412158223,-0.11193422708555,0.0453490419605571,-0.114492696999134
"TCGA-W5-AA2Q-11A",-0.525442810729945,-0.42189321244583,0.371814345933985,-0.152963434475351,-0.13983571385308,0.28379795283765,-0.455798265076912,-0.0203592704677962,-0.0890123316349354,0.419574376018688,0.453067617281425,0.227422558970829,-0.220006492391182,0.0438382690668597,-0.0292334156446581,-0.287157420828527,-0.164101389485527,0.435116666256182,-0.025831620509067,-0.721062068986561,-0.497796434701432,-0.470068410014155,-0.501071127080254,-0.377470839585868,-0.257159503227885,0.404814799476797,-0.175634255562325,0.269545313538772,0.438435980764417,-0.280059509898293,0.341449593552408,0.498742827594202,0.0294577059857112,0.026420645186152,0.0802491568377692,0.212149350558711,-0.388545633542721,-0.102889133006802,0.448146438180653,-0.168372731860108,-0.0369149292808089,0.50004520727454,0.407222819657175,0.259857305754315,0.680472812554415,0.394892062123076,-0.516200655331879,-0.251166789981101,-0.413552219111663,0.416345519730676,0.514234175648195,0.090249071805871,0.132075762727954,-0.569447768793409,-0.130784185500857,0.426020718817846,0.142789667693976,0.314673119337617,0.29302864430706,0.546204313593231,0.234268143305574,0.34329595609272,-0.341345798863635,-0.0793781540209139,0.336123763741951,-0.243332182155936,-0.0147828774902833,-0.0974610677696882,-0.316051501338285,0.0876730308184677,0.148315015952599,0.0879239770556634,0.383726419777535,-0.0578650286009008,0.320754932045801,0.597765526226025,0.125485515935707,-0.183508894366594,0.11797455279516,0.401776267113015,0.391308952484736,0.504577599221665,0.551914627383176,0.371172541274833,0.28155095543197,0.221908776910602,-0.466868709349179,-0.634657984172435,-0.648709805842139,-0.523366557689987,-0.671040007238829,-0.632532056462052,-0.782955413258803,0.40333561223152,-0.583002395621959,-0.628853293990612,-0.618642873198624,-0.589396422122935,-0.140654390891175,-0.387982453226365,0.278758111376275,0.445138574739673,0.240578581713503,-0.24964815271586,0.428860387878609,-0.446189466214411,-0.385083454562768,-0.287838381031425,-0.607101458292696,-0.407322085810957,-0.344338154350276,0.0726140419934537,-0.403155329254395,-0.214860331431853,0.0836579734082596,-0.252864463345252,-0.228815643479876,-0.281974376495784,0.00525701994689536,-0.0471610448721854,-0.119254701580177,-0.0994480755248864,-0.00393357451316623,0.407321655885734,0.489015235422409,-0.363022199994215,-0.310043847530616,-0.069748614933271,0.708229536397733,0.309729418340914,-0.0759943724487332,-0.08930915062148,-0.392467384965664,-0.0931901054984447,0.17027621380658,0.526507998862363,0.273987884054201,-0.00963592867234817,-0.0821082176731382,0.0113850657634888,-0.0160053108650799,0.142616840161768,0.519809864895526,-0.187784362064021,-0.329072635816727,-0.0670242986415624,0.489416415990402,-0.132482283633051,-0.179651930070444,-0.213045266772774,-0.359167403413045,0.0799638099845126,-0.0479950754120691,0.248485924787459,0.495561991278293,0.461719430767179,0.216279653458698,-0.356207863187445,-0.418282048825926,-0.492449060756987,-0.00890222940487939,-0.483662956797095,0.366982753334263,-0.517762876773963,-0.483354091430911,0.36624588337071,-0.195790220566864,-0.369722343027309,-0.433801464278181,-0.425336272679731,-0.347492965271827,-0.204173690224306,-0.415979638084902,-0.372758079864964,0.0342026999950643,-0.0612433469469322,-0.380697394740699,-0.486080874229799,-0.296147137759104,-0.40284537728469,-0.264629550806904,0.659549037640595,0.541262990700594,0.582746984240283,0.644394701339372,0.267121025766139
"TCGA-W5-AA30-11A",-0.0261063979392797,-0.100460059480658,0.157599105672778,0.12375526318806,-0.354182215986941,0.2090268116547,-0.361730385830298,-0.00308595973654424,0.0375757571404963,0.421743967613795,0.527988275091487,0.360662103774321,-0.154008680051386,-0.0736412100108538,0.126347772416885,0.265574002145508,-0.169326559211978,0.283497541371379,0.483904244112311,-0.429561968993973,-0.423484590723663,-0.352558750184872,-0.571867434598168,-0.353944926070509,0.169128467078531,0.572691967304269,-0.329816527787052,0.255157741888915,0.415344574173039,-0.370599883117989,0.0342511956583798,0.432185646635428,0.117509104327042,0.117301596519252,0.165314411350559,0.371217376026015,0.30865294297442,-0.0518603113553269,0.458373872405347,-0.190653599243067,0.138284436534466,0.637017280123636,0.56176165936292,0.806192024247696,0.738374437911339,0.551350230284527,-0.223209614690139,-0.130224378185498,-0.325146287843875,0.558182434674423,0.716808998664863,0.283115517507447,0.628907657452444,-0.377616365474177,0.117564390067903,0.455534574972367,0.552564162062298,0.533031918810409,0.590190454293591,0.632082372062439,0.609435702272352,0.359165325564492,0.0137842885407674,0.095519534359496,0.428808898195785,-0.0178330962286478,0.343544839207854,-0.0463051668674551,0.0043220899327808,0.414609185149389,0.54744818670511,0.669136480660347,0.559487828221901,0.418078962539252,0.432949797481642,0.627108616375005,0.344250051672068,0.596655444301463,0.542565474708202,0.42852647352555,0.563891815697276,0.472162318328505,0.598648489329099,0.478942342659559,0.601499774117873,0.397582850899299,-0.404873993575783,-0.509733909407555,-0.488875798729,-0.548213942846028,-0.530594407696226,-0.399568474769399,-0.307529807248823,0.41417179811977,-0.478956525296378,-0.438811579325328,-0.577816335749915,-0.462437960193345,-0.0673342220128596,-0.291634606688093,0.355288458207402,0.376506605551204,0.282077775339735,-0.0448325069857299,0.386736905716652,-0.479280893170773,-0.237193197725297,-0.291332552684786,-0.43816556875843,-0.147550596245292,-0.335990610588183,0.497560350860188,-0.280799309116553,0.100012504139283,0.284000636163552,-0.12604282104321,-0.052427157430109,-0.302259309784451,0.0535347102951363,0.0409209112543585,0.0396544245240145,0.000171060860087502,-0.0500518292346164,0.0959805588302849,0.392701617989613,-0.236853649802375,-0.0385914677474365,-0.0813789826412475,0.63938786434219,0.173448198936179,0.0212750717754155,-0.259315800797842,-0.198878414391301,-0.029292288956177,0.314279950894661,0.416723804432572,0.25474382317412,0.0719847069316988,0.118313868855917,0.035913787574954,-0.206575686046427,0.205883207592886,0.388563252455882,-0.00520041347434594,-0.206936490572591,0.156652147418998,0.2006095518473,-0.0381960673281574,-0.0916460188560599,-0.0899574207156772,-0.186720015756425,0.0644444177850815,0.118538756496315,0.188615128891511,0.369401439718785,0.556775590299508,0.16456515424806,-0.411931372693749,-0.100791981972127,0.0122853498357128,-0.0410816317571549,-0.257152610562531,0.283029055670257,-0.297096907374171,-0.457933374966512,0.0331716776551426,-0.16674130451836,-0.237000038546492,-0.179070760137541,-0.210726825653407,-0.25492310798238,-0.165349790819604,-0.274499550298835,-0.215151225425541,-0.0153505268358901,-0.0251076216695883,-0.303069662512862,-0.321356052716354,-0.152325458058601,-0.304954735354112,-0.280697229707433,0.471082045524767,0.312634202242649,0.412627320965358,0.43947684328212,0.313276844682666
"TCGA-ZU-A8S4-11A",0.200732224987497,0.361631470200848,0.0599876833706301,0.175481321643594,-0.221316616745623,0.441069308598278,-0.105334009016835,0.00725505021198414,0.335216043604128,0.441441637706039,0.670693519551552,0.521551945059358,0.137362907998385,-0.213820091549942,-0.328114579114378,0.215830023202128,0.0485396246219415,0.516056735140214,0.380243160996749,-0.135872616719376,-0.314282945426807,-0.527536415807048,-0.216045382233668,0.0237536039333466,0.0279982638088281,0.618933041487196,0.270689913758661,-0.0903359582490747,0.466895242906051,-0.0102405760024176,0.181438270601773,0.00304029040266535,-0.317460910712119,-0.239694379627596,-0.317968246311156,0.582882040758732,0.578771324664752,0.496076821426617,0.671636387934982,0.337957454941419,0.516701462037404,0.720400274299781,0.739593783423404,0.214506418825398,0.689456706634141,0.622637613892829,0.489264687518038,-0.105121346887408,-0.167978811687466,0.566121481035735,0.63555589693635,0.236455744239937,0.735141877974765,-0.322400701038102,0.35570820344942,0.494826518381598,0.457885051528368,0.463621452438161,0.44631980249607,0.672893032693902,0.689031553577661,0.355800982697648,-0.085848275589064,0.359778757594998,0.564269179002592,0.391374411601582,-0.20128192928423,-0.170458150365383,-0.327409624662456,0.554088725215787,0.659800106456731,0.726957671540976,0.731241189047989,0.328424157077198,0.696357698740951,0.693813830422625,0.677379633167965,0.362004291854541,0.576335581940499,0.491415827668903,0.357695595930611,0.651432354307566,0.679099415312912,0.596604624699581,0.469357090419658,0.465296225521276,-0.604054620886745,-0.290472613508614,-0.440335567437303,-0.456020552418979,-0.515544279073241,0.198977674768878,0.480905403170821,0.613863975431102,-0.456353198848659,-0.305140842765722,-0.374646658668511,-0.432419778307266,-0.14629855355642,-0.128546068411923,-0.00912790685716672,0.0631303086036371,0.0160790467642509,-0.322334722125687,0.186725537557886,-0.412289800023058,-0.220986411793588,-0.0216331289013069,-0.36398377350982,-0.137032467028818,-0.235394691327428,0.606786307861127,-0.24228690204868,-0.00373914189173924,-0.0933713824247941,-0.270935741845393,-0.0628354169144885,-0.480129621351461,-0.235049955153379,-0.254343889327107,-0.226611601602612,-0.00747635692187795,-0.289493940210165,-0.231412199049965,-0.0506092101375958,-0.20734247048462,-0.181286385687419,-0.107777575069373,0.716380878008043,0.0505750873859481,-0.128686688326625,-0.344725372450254,-0.124519195442786,-0.216902873513866,0.0940518568592356,0.2272466591767,0.18763550019665,-0.152551246321574,-0.0594105422623731,0.124447410496279,-0.220445211904183,-0.206770042187368,-0.00686870901524628,-0.114992247067162,-0.232705235502999,0.197261660663377,0.398300330968547,-0.136541030128285,0.0589904473421834,-0.0583466669764129,-0.205056456078555,-0.165822041031954,0.213265168770638,0.175477618722021,-0.147358576458956,0.373646387391564,0.191843831870838,-0.360573262335795,0.324149449755475,0.470549546201892,0.0517665304395289,0.198874736319884,0.472253884131966,0.185330674352139,-0.145932919917823,-0.166428320227146,-0.239504133775759,-0.205141518892741,-0.22156322689036,-0.25192451595682,-0.0273067495314337,-0.0418636624789323,-0.138186207605171,-0.0113044428209625,-0.373127347796516,-0.037415794752535,-0.29668404744394,-0.316174521276607,-0.0761916353635196,-0.361199295811712,-0.0366152801570021,-0.208352818593105,0.0459753571004669,-0.0679373270107951,0.0585011580602868,-0.176498047041839
"TCGA-W5-AA36-01A",0.240588447008396,0.0229025609019324,-0.302191675683268,0.279498138716492,0.246052160999634,-0.0802089558897636,0.242156355418993,-0.0996878441791071,-0.150230261656189,-0.229699165143242,-0.576059762939183,-0.448792869231073,0.041347520971378,0.158233934189025,0.179650199415594,0.510643457067508,0.085983775872586,-0.283852853173132,-0.425554179912986,0.480709455236673,0.0145077417383305,0.261179172995044,0.317824194091621,0.256587879535882,0.414645188293964,-0.632432680082447,-0.561947738352564,-0.291088414867294,-0.122216194854782,0.191740705817911,0.268000023494866,-0.14677942288852,-0.156317945585272,-0.221361088875565,-0.102625424809576,-0.268542819913607,0.387911365498203,0.0236334543434695,-0.632223812762682,0.115635822651347,0.0284832464030391,-0.64792466806269,-0.496721237364957,-0.502290671503103,-0.555802899739121,-0.457099055681431,0.681710375271409,0.145838165814682,0.30138919113696,-0.462184911268995,-0.491053210013899,-0.161864264702432,-0.514919866108234,0.445986047314596,-0.352590560261561,-0.362360388059456,-0.462367777085641,-0.375450374212701,-0.361462953927795,-0.485312573214349,-0.65419772507334,-0.378449246836563,-0.00732970364781552,0.0287509955389708,-0.514531721801488,0.104159601820427,0.164932396169048,0.246033962968759,-0.251680955361239,-0.105096800198151,0.0284023488806231,-0.462942748048667,-0.450815304639933,-0.0710512343304781,-0.192503133892512,-0.569220506574491,-0.243314256868183,-0.206746015670441,-0.74689401041282,-0.523113406907704,-0.193403157181523,-0.480827842787311,-0.559918322531236,-0.451683250945506,-0.328740730268883,-0.37495520063608,0.630612174377381,0.258439417161088,0.413563353242402,0.495345000443661,0.404462104637098,0.551875462350673,0.276378111847594,-0.399965271149516,0.43445677567983,0.263917866221512,0.487795982557804,0.348604871185524,-0.0422014335520701,-0.0493624878218544,-0.1833096514019,-0.177084928915543,-0.187331568035304,-0.244521027019805,-0.150601824833263,0.263277736558026,0.0635719594122039,-0.0426252941011017,0.251440799347241,0.207083540479505,0.162536728890143,-0.366393896815232,0.0672022384634512,-0.0288642678668384,-0.179827660943439,-0.00747256070807703,-0.101736423504567,0.123795264359074,-0.0751177506609075,-0.0138663233310924,-0.0439681653134848,-0.0476830666569077,0.0315644534106451,-0.0598621305715887,-0.125396807943101,-0.162958417556375,0.0300520897340557,-0.0516525559500131,-0.526819415604624,0.345610335761686,0.0973450514442043,0.0889491453358764,0.277460864212445,0.213840653158221,-0.209340455844074,-0.180749148663933,0.00884753762243992,-0.0654760261280187,-0.0909656002560666,-0.0266532955655125,0.0972951327178356,-0.0672547234295565,-0.109008064679866,-0.156230230626907,0.0431042408569348,-0.248361704849302,-0.1359333010266,0.0430865909753402,-0.171866222890996,-0.0723240221502704,0.0836804115066092,-0.123085022641049,-0.265688972707407,-0.259280831378861,0.312150788444326,-0.133582691460421,-0.291140330084932,0.275080939475788,0.471266402377438,0.652247039895541,0.100742717033155,0.599758050536452,-0.264571965730689,0.234390185303996,0.155110767576247,0.13543812058117,0.0934911484043697,0.0144386456124246,-0.0291158791565206,0.224962136293235,-0.230465128380167,-0.167007695225089,-0.0304286185665504,0.0939588424923626,0.0804842790402631,-0.0252326773287367,0.261984748103783,0.193680576497167,0.0130322118065283,0.0506662243330999,-0.161197378487023,0.0457004077548704,0.313420794904187,0.341611801728758,0.294916629194406,0.135714307298983
"TCGA-W5-AA2X-01A",0.192816178132191,0.117691032270944,0.163357551102961,-0.438250774901026,0.2315992853948,-0.193470010387746,0.119731209140743,0.0346859882227764,-0.116455610773367,-0.271216612170479,-0.423032023768062,-0.101823415828293,-0.266643968386297,0.162509928805311,0.401088097743621,-0.211338372383373,0.135233764179944,-0.332149757209364,-0.624632909037152,0.319015346287304,0.328153178820778,0.26848630631962,0.0998172014949427,-0.258292976191116,-0.272833108778978,-0.63232153629674,-0.356053665022875,0.47496135227952,-0.573646777812094,0.0440267332339694,-0.218391393030721,-0.488238963495234,-0.244002085250359,-0.165416816212304,-0.255000660823081,-0.254545452008215,-0.439359683269476,0.132004139385583,-0.586690795892121,0.146653913124421,-0.196916610913728,-0.581946140325914,-0.688349093469249,-0.560712120969638,-0.860714414188176,-0.640564138007571,-0.127939387145296,0.0320840011492041,0.158721183521577,-0.431112468571696,-0.74429261946752,-0.145115316172292,-0.636087890253931,0.158708332549114,-0.431779807072774,-0.226976383984944,-0.190564499910984,-0.105979830677257,-0.259867747317193,-0.629619146675795,-0.537122397608813,-0.327543074343889,-0.0697274274244602,-0.00758626331407,-0.448635336426802,-0.118471386111096,-0.190623397035399,0.0263152437765448,0.00408198221027176,-0.396405206544292,-0.306165012881975,-0.537334986797217,-0.58630215689594,-0.254641084879501,0.0292845493499636,-0.712119210786577,-0.56793934821197,-0.478675235473077,-0.350437151740543,-0.199372019368343,-0.642269837140226,-0.465563108767402,-0.552561243066592,-0.562633230966846,-0.634388826919087,-0.297112997655748,0.662902956884395,0.467565553071609,0.406904500347979,0.465069618884299,0.542839400349604,0.265392674184609,0.178284372749141,-0.559971495229169,0.469847247630781,0.355755409476634,0.4227956841576,0.567066211716782,-0.091571109476678,-0.183502411175283,-0.19879116006798,-0.388453815394524,-0.352441730960284,0.0980500630304606,-0.301155533886301,0.493007464500395,0.156244943233739,0.207139883401278,0.174089143146784,0.0189566509230304,-0.0911973329294793,-0.601000702786394,0.0682252919900882,-0.374980892809422,-0.308527196488766,0.154530555325286,0.0803287720626351,0.288682275784788,0.166290259085213,-0.11839562714345,-0.117178400065505,-0.0845831693207481,-0.260317480624105,-0.339752439705572,-0.513916500357325,0.0151914216237379,-0.110584594051554,-0.0435051109279152,-0.760493554168776,-0.466830874686178,-0.371165353649357,-0.252621558281286,-0.0607502005633218,-0.143461453001674,-0.303648379193927,-0.43794369032702,-0.416647477125232,-0.33320269611576,-0.35507456207128,-0.206569429460415,-0.15565759726388,-0.313935748143661,-0.666191210323251,0.00982307551562656,-0.0609147817651471,0.0124567827660796,-0.0520326052881959,-0.137389700660015,-0.176018698392116,0.0229231279032387,0.189814359484342,0.117346473396882,-0.190679408603768,-0.278818234259032,-0.597680395855817,-0.333915178167944,-0.178443029698691,-0.108604797854748,-0.121412520169265,-0.135676583950537,-0.00532748090335983,-0.0472058183058176,-0.455950221863696,0.209187945030604,-0.00219398479200969,-0.440313272234658,0.0332237574723492,0.00255918148331263,-0.129744127722811,0.0327279183301812,-0.0179375596514612,-0.0322831845208476,0.0343676918139649,0.166801616763578,0.219310734481835,0.0969073485040636,0.0921821826794902,0.0767783076721816,-0.143311273239112,-0.0199921642348818,-0.0901036548757765,-0.690534469969762,-0.600989265170129,-0.773508386318555,-0.803248367989242,-0.498503662056123
"TCGA-W5-AA33-01A",-0.240049926203486,0.0232491725447997,0.173726125599201,-0.0903914506746235,0.130718342050014,-0.430565254250982,-0.19925907203673,-0.0827679385404915,-0.00297333188817485,-0.114816589629824,-0.267776428016521,-0.0446061883236398,-0.0156865281840742,0.198165141433483,0.168536712607394,-0.119950813729162,-0.144434177652568,-0.440913573969437,-0.52683368239235,0.0508862594111732,0.134443357486148,-0.058474467253181,0.119850879699124,0.0824879021086556,-0.146787020672852,-0.0141718004051354,0.255341342349522,0.145025300422713,-0.326939628959041,0.264644807519241,0.210474401378528,0.607709925924161,0.333238750396593,0.264402286991348,0.330343852562385,-0.516724995472475,-0.629168254948394,-0.450722571550595,-0.509584395571953,-0.262455300324394,-0.450709202489301,-0.533007569047596,-0.685495220148607,-0.538654224068746,-0.70231612743689,-0.571860311534576,-0.522119625672282,-0.0444247856568206,-0.0400443046938832,-0.526632555753817,-0.668106499684667,-0.498494685731686,-0.687179476396422,-0.0391147432910074,-0.285487354695491,-0.608844162746602,-0.590407963758468,-0.489878838651581,-0.462505006916103,-0.547142121832958,-0.539883593966428,0.0231912792216841,-0.217272514462102,-0.327532618827829,-0.434267704773472,-0.229721129006333,0.174082172841751,-0.0446958903684575,0.280971273447228,-0.536146179604535,-0.536689218325461,-0.691952121858508,-0.571870388692815,-0.487714827100519,-0.705159504194033,-0.617963352509896,-0.477761748199433,-0.471713206838572,-0.482968375300192,-0.517868003587199,-0.416423189660915,-0.550462492460377,-0.566163854228201,-0.629749295270422,-0.443452506289883,-0.31272221664718,0.0804791740107355,0.0196420666691972,0.134656549370727,0.196551351740587,0.208510433299403,-0.316963669950063,-0.377717189097907,-0.506954504672876,0.0559804597892469,0.0861705119618616,0.23483363844044,0.296556735771755,0.27560750741836,0.289673350856664,0.075779240602687,0.438352464977944,0.361543929311631,0.298542272083277,0.00358906747679921,0.117522353400748,-0.0607694964803503,0.105829895878123,0.105041185598903,0.162723562753308,0.290083080872552,-0.550857945644005,0.203790444192616,0.318175774943147,0.0826484386703762,0.146897210059596,0.272321322684034,0.324522412319248,0.133620022293507,0.25477910520448,0.196308273852189,0.261775109346589,0.34175634648973,0.414967293859909,0.423464904829386,0.0704466395009703,0.269639860198141,0.0990251979227365,-0.43012490169355,0.130470985595522,0.378180068323186,0.453414700551141,0.318116811011998,0.388188774585065,0.453906100672968,0.445071147520806,0.24604850843505,0.466381334426377,0.386476510654147,0.31049342899596,0.331146431029834,0.310633327880728,0.61102109057727,0.121294894630659,0.234539486407678,0.0102336072842309,-0.155225535161946,0.233747482581598,-0.0541095268375658,0.0919217619991973,0.112889280627496,-0.0297637185583021,-0.140154728280185,0.0222058327901838,0.535166975464797,-0.361942033319328,0.182728511285096,0.152633792649625,-0.342434992392644,-0.502592464790539,0.00056602953893406,-0.310304408734539,-0.0426736579655461,0.0341645860398895,0.219171360152685,0.475831317166972,0.234425850117118,0.282002905132925,0.334959271004288,0.341646406142005,0.220275429424379,0.282551852187438,0.272329052798415,-0.0441637596678183,-0.0543093672410321,0.252507665956456,0.34190509708978,0.392482025795408,0.343997244875656,0.46215656680823,0.342300237168739,0.573134612090748,0.480033670150484,0.571003874983108,0.385423430482125,0.489948071313148
"TCGA-ZH-A8Y2-01A",0.147581313757848,-0.326952955943008,-0.00366445728502227,0.0578915126897614,0.191796451358253,-0.417838014856224,0.108170232285918,-0.127369739888141,-0.22203585663157,-0.315655965148125,-0.526940193334456,-0.487751226317952,0.0718429868888528,0.0885466307331263,-0.0737302285606847,-0.0197735352126436,-0.0331667062133945,-0.495614567912812,-0.55661013734199,0.19372973605926,0.173317131007432,0.559030176147741,0.382230403683983,0.178502519929381,-0.0879618114930313,-0.373450281421729,-0.111627694514105,-0.0282919293770989,-0.359719829399515,0.00556051885457021,-0.266589571018755,0.0553388204342765,0.172734818732104,0.0693052386961295,0.214157566619225,-0.561098098378521,-0.570972374195723,-0.387512027832895,-0.159193575724935,-0.349015413237774,-0.446758952176701,-0.147573374118713,-0.762947581834115,-0.59991955694878,-0.63576774295537,-0.228858145837916,-0.323153170209367,-0.0227929385884407,0.0648022728974467,-0.62847207617309,-0.678599581258334,-0.562266724824215,-0.733130894317469,0.00329285750876229,-0.556296437122378,-0.587609510344049,-0.642879126699589,-0.548337201776626,-0.357191277537797,-0.596149362559571,-0.674384073268729,-0.280106620085128,-0.285586312827649,-0.13519652033838,-0.184686659180148,-0.330123394142474,0.236814999186304,-0.159607018251128,0.201992063480654,-0.633886909489048,-0.656832637648823,-0.800399305810585,-0.669593575570908,-0.545735667539138,-0.74663814928542,-0.564542489676762,-0.122826279751214,-0.633220269702213,-0.752026172602807,-0.462690137133045,-0.423620533582924,-0.398541739660882,-0.456226612538891,-0.35212307044274,-0.514857038299192,-0.245713008330481,0.324818297749097,0.314032402122012,0.210523653793585,0.492861419994671,0.410009269887472,0.244452971480793,-0.388692747068486,-0.541992451775525,0.276906512070952,0.265304431827425,0.416856881857727,0.40569431943098,0.106050523969223,0.23215564527998,-0.119596582879228,-0.0249329491416692,0.149195245988945,0.116106262154246,-0.0954922149930325,0.215249015102275,0.0809417944065109,-0.0212266653697895,0.256252229351133,0.0572880514584968,0.23105878471898,-0.584342884776969,0.274623840404083,0.255522489943524,-0.0501506504513253,0.214531173574173,0.119789209769658,0.228528512261748,0.309038968361345,0.167615216677762,0.128631858901824,0.0343917782351343,0.211555538548404,0.0140940348799201,-0.0096350324325776,0.21156359214725,0.0713469862918237,0.23047426244399,-0.65317318794112,-0.0111122864825651,0.0749984987294217,0.43595231053999,0.159800496947447,0.0372216758583649,0.0223606687116792,-0.00985892980428807,-0.0925793095778557,0.120553860429532,0.17114784242103,0.0985769390716194,0.322096764085536,0.130586994664088,-0.124247859812088,-0.0389673374276986,0.136394990922243,-0.177968367751945,0.212653477168631,0.216644322407981,-0.0592734408908889,-0.00166486540191946,0.22212784747091,0.0679599448778666,-0.247497034267247,0.00295136113270109,0.00909786542721561,-0.242280295152347,0.0901837770061215,0.360012271480474,-0.142085780863044,-0.340339405619753,-0.136027341125509,-0.206851209506087,-0.432053093714674,0.182004000112496,0.350314791429449,0.264971368538813,0.191034816980767,0.342889862053493,0.294532575765902,0.392781760725395,0.333701898548428,0.0775261525589265,0.16527276810505,-0.226181769927703,0.200973485171881,0.197460875828294,0.341333306131628,0.408924657487686,0.268943842410393,0.326968693444423,0.210933819661775,0.0467860178671699,-0.134177152726203,-0.0395313614539603,-0.0937492803986888,-0.0699351585988645
"TCGA-ZH-A8Y6-01A",0.311703478995791,0.553095788654315,-0.115916753038722,0.185081830024263,0.130718177384364,-0.135116258099695,0.43475429535357,0.0652572589295948,0.0391837121452905,-0.481447235444821,-0.367118371773084,-0.156201165204836,0.503307116255703,0.0807545186810286,0.109812053314236,-0.0504635836835323,0.0236483771987868,0.0227776398146755,0.113921519338742,0.478438490645926,0.301872133249156,0.428826241902257,0.46872117315595,0.446110405476266,0.376232264611759,-0.289546766411573,0.492847057575821,-0.196173349889317,-0.250353947134237,0.188583991177684,-0.461519012610217,-0.532226079297187,0.222259759225661,0.334667035791193,0.258407366529576,-0.347573853844199,0.430780200581327,-0.213331955205132,-0.470014664303541,-0.133941774057665,0.0791679933930665,-0.521998552661392,-0.240460335008829,-0.121027344776506,-0.559198157067029,-0.451329037123166,0.509878741893004,0.190408107796557,0.224402134415965,-0.482540731612367,-0.549701977800129,-0.483184014683389,0.242834185398238,0.588862238217893,0.139747751068275,-0.218079324855091,-0.304077201306267,-0.430732725508999,-0.266003460083309,-0.523422646895669,-0.205717736328446,-0.539091186604826,-0.00393895384542151,-0.302625033822713,-0.29880392265589,-0.0983468810726216,-0.110115054487702,0.0653091675962026,0.446625857035366,-0.148180911491195,-0.559589578378306,-0.12831732307673,-0.104233526560273,-0.314693409240893,-0.0802341398013562,-0.398116523560852,-0.442936435663463,0.298124878978959,-0.200919251587659,-0.0296189140805939,-0.247264856402135,-0.547395434222428,-0.538029968559663,-0.3943929284734,-0.204583107431289,-0.0877976864533021,-0.495750070361211,0.353451078739145,0.284245031437199,0.265120575983424,0.230821663324315,0.0783091938401512,0.550409667906848,-0.321438765948553,0.269374897796698,0.372056193050465,0.441668282004221,0.127718510073726,0.203070004109709,0.306750731162077,0.145938030962559,-0.342420604792411,-0.211115852629754,0.413711266023322,-0.0637566969840536,0.1591503805317,0.342687318333037,0.0223427550226863,0.536222357515492,0.431488481039487,0.3010423964933,0.0642778449017662,0.338847960744852,0.244751302907507,0.246414187328413,0.255252744825293,0.0811209312009867,0.249390697504537,-0.099328906020217,-0.0218472024268918,0.315131389568858,0.173023295063477,0.221053300303734,0.149875318643209,-0.241114595823775,0.412208361391113,0.271309420568302,0.306708054923918,-0.642192472489032,-0.463205976425415,-0.0501038935557372,-0.227674517968011,0.141568240996217,-0.262172897510903,-0.0642040067199335,-0.399537990141384,-0.214003165693817,-0.0296417793134944,-0.0302868278050679,0.028453686885554,0.0109061469712805,-0.0476803549388171,-0.48268289193433,0.338850388001333,0.357477768780269,0.230008466562866,-0.223279424296048,0.203015247721874,0.286314482791754,0.284091905369952,0.25632439305667,0.133307776391391,0.14170802886457,0.25176043595211,-0.373895737739477,-0.216039836593368,-0.0480190074373535,0.457562827308221,0.371543186430156,0.475785848529794,0.081264689878347,0.380311649916312,-0.37998726539963,0.242067747573282,0.293561761136581,-0.290864741191349,0.127816775914854,0.334732392042635,0.395915378767498,0.234458931537399,0.427808644088993,0.25349037295096,0.273497953548184,0.225226988103039,0.042314235432057,0.00407363515612313,0.0341781841374758,0.22784094682016,0.141843651416323,0.289028188593587,0.347215852386194,-0.532769241137398,-0.258911232426462,-0.511127503613962,-0.664780803037988,-0.185565484401129
