"","B cells naive","B cells memory","Plasma cells","T cells CD8","T cells CD4 naive","T cells CD4 memory resting","T cells CD4 memory activated","T cells follicular helper","T cells regulatory (Tregs)","T cells gamma delta","NK cells resting","NK cells activated","Monocytes","Macrophages M0","Macrophages M1","Macrophages M2","Dendritic cells resting","Dendritic cells activated","Mast cells resting","Mast cells activated","Eosinophils","Neutrophils","P-value","Correlation","RMSE"
"TCGA-DD-AACK-01A",0.0295970929398401,0,0.00196683980807108,0.075271806888553,0,0.2383811847161,0,0.027640391936347,0.113145539219425,0,0,0.0504797327001297,0.00418030471995486,0.0492929557468769,0.086680254762134,0.273494275656115,0.0498696209064527,0,0,0,0,0,0.68,-0.00745809615027581,1.10002998955129
"TCGA-DD-AADA-01A",0.1231213261964,0,0.0177603863076335,0.184754419744707,0,0.221413394379708,0.00124326625781259,0.0492490590134705,0.087568193186048,0,0,0.0340963415738635,0.00413924943891067,0.0403506787492833,0.0754369868788065,0.0948179704050099,0.0406761289480017,0,0.025372598920344,0,0,0,0.14,0.0837092829195279,1.06993733446904
"TCGA-DD-A3A5-01A",0.00784132293366407,0,0,0.30709936193294,0,0.0959979983811677,0,0,0.165187513011822,0.0181480508945509,0,0.0913207850521131,0,0.042953162789482,0.0521429767274163,0.17507964969895,0,0,0.0338366553939682,0,0,0.010392523183926,0.68,-0.00700418561807658,1.13106279114052
"TCGA-DD-A3A5-11A",0.0403566457884266,0,0.00310518487460176,0.0616258588126312,0,0.0757353953770104,0,0.0215810107977707,0.0403635463928619,0.0257325190044602,0.00831819825536768,0.107233409068032,0.137998594510941,0.0808229989717316,0.0821834463513453,0.263688603567142,0,0,0,0.0512545882276784,0,0,0.52,0.00529107083493831,1.09083812036046
"TCGA-CC-A7IJ-01A",0.000481918028564438,0,0.0013540677062835,0.299534237642306,0,0,0.0366498064696364,0.0572257917606203,0.0295487345796478,0.119554103969253,0,0,0.0295240375232484,0,0.0992149974265362,0.325446152220922,0.000467348353948108,0,0,0.000998804319033565,0,0,0.02,0.214544903611217,1.01310364101459
"TCGA-RC-A6M5-01A",0.0162077894582766,0,0.0224762214049271,0.0988266764425731,0,0.309288168849086,0,0.00139652531587614,0.085256227801388,0,0,0.0568591674870705,0,0.0357356152937205,0.0331403882396326,0.252722204552451,0.0336694437431114,0,0.0544215714118869,0,0,0,0.36,0.0264427155096856,1.08345913011728
"TCGA-DD-AACY-01A",0.0106590774279716,0,0.00905850482022159,0.213978628982856,0,0.156564911195961,0,0.0629426278141864,0.0836618651192395,0.0198047812555118,0,0.107618112322886,0,0.0530358131954719,0.0502980828602527,0.195757161736052,0.0320838944620549,0,0,0.00453653880733465,0,0,0.79,-0.0166308214516327,1.12544678383664
"TCGA-BC-A10R-11A",0.0692739926694859,0,0.00659329961100395,0.103157714772494,0,0.0229814409318599,0,0.0255624337848967,0.00236687186073404,0,0,0.0717735945031038,0.186791062384634,0,0.106354786258077,0.333983109376954,0,0,0,0.0666391954387837,0,0.00452249840797208,0.18,0.0722520313870312,1.06436050945114
"TCGA-DD-AAW0-01A",0.0429674291650916,0,0.00133541516872603,0.038853729045322,0,0.233119435744958,0.00256604237049638,0,0.0762843664788159,0,0,0.0158009964297563,0.0117441866774439,0.286100213198668,0.0921010318319547,0.0812070065333332,0.0479827414387416,0,0.0595641021719707,0,0,0.0103733037447213,0.05,0.163024163377215,1.02623905115037
"TCGA-DD-A39X-01A",0.0340835542718439,0,0.00166631235598045,0.113943581237072,0,0.184694158734568,0,0.0145931267208627,0.0838598992446173,0,0,0.0418325691184667,0.00639198626723005,0.115449871672715,0.0415107807521514,0.223720533563504,0.0897181803490106,0,0.0485354457119783,0,0,0,0.48,0.0107844499166216,1.08021682129383
"TCGA-DD-AAD3-01A",0.0410773454551739,0,0.000433098824480072,0.0465668931812379,0,0.329797705377996,0,0.0387220185127311,0.0661243944242853,0,0,0.0138378101906647,0.0171332824222507,0.105793574122977,0.182047492694071,0.0332648553328822,0.0444239581676745,0,0.0758394260749981,0,0.00349992757274472,0.00143821764583264,0.15,0.079928668230444,1.0734819037289
"TCGA-DD-AAW2-01A",0.114369570164511,0,0,0.130611818212616,0,0.0228378834406442,0,0,0.0242107036849792,0,0.181014392225098,0.0428908207313442,0.0238918088861034,0.0089475568935769,0.0872524693875822,0.239834911646495,0.0293068694072394,0,0.0906586918111287,0,0,0.00417250350868278,0.85,-0.0223046799774755,1.10412183422986
"TCGA-DD-AAD2-01A",0.0585566997945792,0,0.000595477853195724,0.0911749320368501,0,0.177586105987514,0.014424321049372,0.00958476484178498,0.10059747800752,0,0,0.0179617432537759,0.00673704764481736,0.223192646571512,0.104332734256095,0.147407734766224,0.0232321103808872,0,0.0225555858107956,0,0,0.00206061774507774,0.1,0.104184501038429,1.05177512514317
"TCGA-DD-AACN-01A",0.118585964528373,0,0.0189039032717228,0.0835962956209111,0,0.283526738445025,0.00401864984569059,0,0.0431093657072727,0,0,0.0111620711163163,0.0209281937211604,0.0334616260771781,0.164756722971241,0.105446447754489,0.0429187411828792,0,0.06950102229388,0,0,8.42574638613578e-05,0.07,0.149334786807161,1.03302118726773
"TCGA-5C-A9VG-01A",0.101948719922637,0,0.0107422075455254,0.0398762441779949,0,0.141904948880435,0,0.0329846197430256,0.00843305406263441,0.00478768336872052,0,0.0469245852741149,0,0.130524802077532,0.052270504347383,0.218119395963335,0.00236804525799853,0,0.209115189378663,0,0,0,0.28,0.0381520464831837,1.06286253613261
"TCGA-G3-A25X-01A",0.0097625093801248,0,0.000911484833907771,0.21405243795085,0,0,0.000126875146055199,0.00645790611835611,0.202466945395884,0.0245793602962204,0,0.085993162909961,0,0.0533700925785279,0.0703814494312699,0.137885217731581,0.103940078639879,0,0.0438955033984307,0,0,0.0461769761889525,0.07,0.147865150988518,1.03529820565637
"TCGA-DD-A39X-11A",0.103886092383823,0,0.00941187904830044,0.15429699141617,0,0.126299880798787,0,0.0389895219747981,0.0121158610451138,0.0384817814988354,0,0.0704360144817327,0.035186736265613,0,0.0779463377269658,0.207073012412962,0.0100550915122373,0,0.111385934702836,0,0,0.00443486473182539,0.48,0.0107138223866373,1.07979185020601
"TCGA-BC-A10R-01A",0,0.00987350753124485,0,0.0535818322198157,0,0.142173533698861,0,0,0.0490477705128417,0,0,0.0312569616372612,0.0863977493736714,0.0126127516587512,0.0753252471115441,0.248773500630077,0.0523084801255608,0,0.227400171041729,0,0,0.0112484944586415,0.85,-0.0219804050138272,1.08451575370126
"TCGA-BC-A3KF-01A",0.008264440572978,0,0.000160255498026164,0.055292588475589,0,0.289203076972725,0,0,0.0273419408366615,0,0,0.0592521326439671,0.0188592009558154,0.044750952197606,0.109055398141011,0.146613399802849,0.0426012446145409,0,0.192151732378238,0,0,0.00645363690999306,0.44,0.0139449582586377,1.07999086339452
"TCGA-RG-A7D4-01A",0.0303964058306307,0,0.0358398683469196,0.280809817686572,0,0,0,0.11213665502668,0.0815928986011195,0.0211933513996889,0,0.12691727423921,0,0.127455639466451,0.0421656099774042,0.0378922129727049,0.0151211458084564,0,0.0750300009715277,0,0,0.0134491196726347,0.11,0.0922154192421173,1.07535457672123
"TCGA-G3-AAV4-01A",0.010937880121428,0,0.00110392310160226,0.0885413759131003,0,0.159620219707392,0,0.0545359599351122,0.0189185876106807,0.0197652745482839,0,0.0901889979354014,0.0634206332193305,0,0.102474157768936,0.344812084397495,0,0.0432272880708105,0.00245361767042682,0,0,0,0.59,0.00119205342925289,1.0983953200269
"TCGA-2Y-A9H7-01A",0.0144332963817251,0.0192141725185004,0,0.16263739418056,0,0.327161705263414,0,0.00273220537969485,0.0916351075120657,0,0,0.0345941515780629,0.0604693884652139,0,0.0358779964064037,0.086464597749299,0.121539552110374,0,0.0310616453474169,0,0,0.0121787871072693,0.73,-0.0111176998792777,1.10944531498616
"TCGA-DD-A11D-01A",0.0089431057410653,0,0,0.0387046861671063,0,0.21798256710435,0,0,0.102971105369683,0,0,0.114394708815728,0.0111897347558516,0.0213986838893744,0.108012361240888,0.209161181920426,0.0407075461840141,0,0.126534318811513,0,0,0,0.95,-0.0328097038953296,1.10454808950527
"TCGA-DD-A4NB-01A",0.00985070922069733,0,0.00695836634214382,0.223099674964283,0,0.272483675708504,0,0.00445452051998723,0.0250753125151426,0,0,0.0948049784410828,0.0173881026881337,0.0601430897880694,0.0644807410782012,0.173700804540151,0.0393056028372362,0,0,0.00825442135636658,0,0,0.24,0.0533141558596196,1.09082125102123
"TCGA-BD-A2L6-11A",0.108801850600345,0,0.0179126915004584,0.164723658511944,0,0.294672742749918,0.00591005450438703,0.0233744820802619,0.0146600382228656,0,0,0.0418540407926501,0.0245251476161904,0.0367451048385908,0.107723210727969,0.126572988305765,0.0282919826540901,0,0,0,0,0.00423200689456412,0.05,0.177287245935548,1.0263786617761
"TCGA-DD-AADJ-01A",0.0735823778525669,0,0,0.0521060073880262,0,0.311986511314731,0,0.0187397330715911,0.102020270739835,0,0.0133160529310176,0.059184414921547,0.0486490162133953,0.0297922920096302,0.0621373772219885,0.0745403944271878,0.089174898173638,0,0.061215489398878,0,0,0.00355516433596713,0.76,-0.0148405828618706,1.09687071309267
"TCGA-MI-A75G-01A",0.0260322859660213,0,0,0.0562511184906457,0,0.123651537269148,0,0,0,0,0,0.0273012998899147,0.0304908229161616,0.136200666545535,0.0903818726775164,0.196372149370124,0.0101094392070077,0,0.303208807667926,0,0,0,0.42,0.0201593569691691,1.08328221314078
"TCGA-BC-A10U-11A",0.067100804284947,0,0.00718041212379549,0.0852547720306666,0,0.269999587150856,0,0.00380458661434063,0.000778434740574002,0,0.00562117357907569,0.0385357848565986,0.103580125072237,0.0392240969930405,0.0507812778988592,0.229929972649502,0,0,0,0.0784728125511282,0,0.0197361594543785,0.16,0.0786456386144865,1.05180963788062
"TCGA-CC-5262-01A",0.0454143554619587,0,0.00279897183954111,0.202800734908023,0,0.0388550630625406,0.00321482277115461,0.0108661900109326,0.0742119903591275,0,0,0.0603763016246497,0.0051679107619753,0.0752612456458894,0.0899634013267835,0.18420326747303,0.0178828575513104,0,0.105000204961721,0,0,0.0839826822413623,0.11,0.0940627958145079,1.0461938910009
"TCGA-DD-AAW1-01A",0.0337405890795635,0,0.0117522657844805,0.0367151036028759,0.0160316674969307,0.0271888794258662,0,0.00495423008601274,0.0150871514387171,0,0,0.130789232222366,0.0635866551067421,0.0063958130207327,0.141497480210581,0.287737459835183,0,0,0.212978100471384,0,0.00144390032216524,0.0101014718963997,0.51,0.00641232644440161,1.09471267431752
"TCGA-G3-A7M7-01A",0.0840507516221541,0,0.0120828314772011,0.0608156569636022,0,0.164788649261083,0,0.00391102211666321,0.125041522216921,0,0.0168877917651687,0.0562785954285473,0.00170694159107971,0.165488066860477,0.0477252751902315,0.163546774861393,0.0593829392960455,0,0.0382931813494317,0,0,0,0.63,-0.00248146746094261,1.08523649854443
"TCGA-DD-A4NP-01A",0.115924537479587,0,0.0114216315476039,0.0656153834830853,0,0.0849829774814355,0,0.0156455132582695,0.00730108727960515,0,0.0220104761907464,0.0623347736916705,0.0201826073666157,0,0.0221276611525594,0.251455007427652,0,0,0.3087754739877,0,0,0.0122228696534699,0.61,-0.00129083860862054,1.08684943235052
"TCGA-MI-A75E-01A",0.161560929810603,0,0.0173591970046197,0.118293739095787,0,0.220269442601639,0,0,0.0833609545306156,0,0,0.0799597384251656,0.022725851623191,0.0357753945383993,0.0681122063429222,0.0749960779651428,0.021905781763693,0,0.0853461682344488,0,0,0.0103345180637725,0.09,0.129424720791408,1.04055538088519
"TCGA-G3-A7M8-01A",0.0673671346681936,0,0.00738639428961227,0.0174337312415651,0,0,0,0.00330032064948795,0.00344790020077412,0,0,0.0504682232266444,0.0210455604249152,0.220294883714587,0.000395296219607677,0.521756880892085,0,0,0.0861645457517593,0,0,0.00093912872076867,0.25,0.0503442534363584,1.11155514046832
"TCGA-DD-AACL-01A",0.00210306849854257,0.00528777822152515,0.0332777764529753,0.123998436771267,0,0,0.0418509830311273,0.0677212520840927,0.0867858778907216,0,0.00430873348391396,0.0138796754221512,0.0244477020475575,0.229665620774793,0.0992178264023137,0.159966817414005,0.0538708379755198,0,0.0377488304993903,0,0,0.0158687830301028,0.18,0.0736689749424312,1.05828913261159
"TCGA-ZP-A9D0-01A",0.0626921620779611,0,0.0286470491796046,0.0329579226347159,0,0.209269399597939,0,0.00103636871038372,0.00575359761185628,0,0,0.0403066032663537,0.0698578586401493,0,0.11210360176341,0.248411460091392,0.0240064633213823,0,0.162258522025703,0,0.00269899107914864,0,0.73,-0.0121561591208859,1.07870307252853
"TCGA-K7-A5RF-01A",0.0598632081139088,0,0,0.128440072327706,0,0.172527889871934,0,0.0299100305961364,0.0574625825306109,0,0,0.0286788790892635,0.0497454030816734,0.0450607181866822,0.100072252646423,0.310070320411254,0,0,0.00889083113945587,0,0,0.00927781200495234,0.19,0.0675972416725359,1.0635727806152
"TCGA-BC-A10W-01A",0.0185317036898012,0,0,0.0503817737770836,0,0.0562959574984959,0,0.0337586702230179,0.0779423934371926,0.00766462672812414,0,0.0319567126590472,0.033543031151851,0.0940154119219963,0.128144897919826,0.250986329379468,0.172035382869427,0,0.0447431087446692,0,0,0,0.29,0.03756971105587,1.07380054548826
"TCGA-DD-A114-11A",0.112915699219222,0,0.00694519045155865,0.134028689490335,0,0.197923050309449,0.0151235986270122,0,0.0646699528735979,0.0341201067866734,0,0.0518595693009994,0.0147762330133391,0,0.205013519376502,0.110427295354515,0.0222822155454489,0,0.0138383809219234,0,0.00303572873418935,0.0130407699952342,0.07,0.149751557615405,1.05172637836978
"TCGA-DD-AAD6-01A",0.00345546213553989,0.00511874483673975,0,0.0301201605058006,0,0.292181462949315,0,0.00800755142819112,0.0962662173799201,0,0,0.106310976726844,0.0556131946019264,0.177387849270822,0.0314193631548863,0.154016324440816,0.00436561651409845,0,0.0308256808204166,0,0,0.00491139523468369,0.43,0.01704607115206,1.09260297853176
"TCGA-DD-AACD-01A",0.0256789272264957,0,0.000816044793002847,0.105480673834279,0,0.0997380689468288,0,0.0352203960831393,0.0640763758308071,7.70002570235267e-05,0.0107503606941593,0.0428880294026574,0.0142660783438574,0.0383887059615187,0.138383948625942,0.267234702205826,0.0250760614698148,0,0.1158687468839,0,0,0.0160558794407484,0.27,0.0396538468919473,1.07046207166441
"TCGA-DD-A4NH-01A",0,0.00577819769866601,0.00698824734914136,0.0304140985470631,0,0.120178189764938,0,0.00858277471569729,0.0679966786780391,0,0,0.012652657587889,0,0.23371447934126,0.0284744743362463,0.0100431071098176,0.183014074996596,0,0.0411439385449476,0,0,0.251019081329699,0.08,0.138149106170137,1.0547027344901
"TCGA-DD-AADS-01A",0.0749045236441955,0,0.0198777913170166,0.190826635347261,0,0.0846119171397417,0.0116279119482887,0.0252256912906549,0.167074706783341,0,0,0.0575544395223883,0.0313353406196718,0.0246833942987634,0.0915582272780435,0.175503949656082,0.00654357637632459,0,0.0386718947782266,0,0,0,0.09,0.120375990700992,1.04649620855412
"TCGA-ED-A7PX-01A",0.0318370262732389,0,0.00442095284832901,0.0679675127249633,0,0.114456377003337,0,0.00646546326295185,0.0898607214084095,0,0,0.0537741172047606,0.043832010832329,0.20194611013199,0.0441787933911407,0.241782000805837,0,0.0283866129251593,0.0568027047919404,0,0,0.0142895963956128,0.1,0.106419775293434,1.04472323691095
"TCGA-G3-A3CH-11A",0.0712283337638754,0,0.0449743165143512,0.203518021997138,0,0.169940916312842,0,0.0302738008276292,0.0591333986067184,0,0.0524390829789666,0,0.0077973154063566,0.0052660669062279,0.138741093393838,0.192757635431981,0.000863817282350658,0,0.0163032070572271,0,0,0.00676299352049793,0.0600000000000001,0.150933804514828,1.038093737578
"TCGA-DD-A3A2-01A",0.0531447317252641,0,0.0035271617955185,0.0584891715423992,0,0.100887696680772,0,0.0403092906597299,0.0736080857558981,0.0393468275458804,0.0549396954868066,0.0447253945508076,0,0.0512239610538709,0.0732154787675493,0.370848147096974,0,0,0.0357343573385295,0,0,0,0.42,0.0198263936549547,1.08273608595286
"TCGA-DD-AAE9-01A",0.0182515090655389,0,0,0.120151746135896,0,0.00221005881411376,0,0.0235907554984401,0.151444352094215,0,0,0.064152596755041,0.0101944283581348,0.162343495578735,0.0881458517587649,0.256185330034554,0.0128486770623285,0,0.0904811988442381,0,0,0,0.32,0.0336137261427369,1.07685348811123
"TCGA-EP-A2KA-01A",0.0343403403956908,0,0.0160696571667011,0.159999424879323,0,0.187114771930592,0,0.0406104718135412,0.105091509802893,0.031424347437433,0,0.125945055590693,0.000272993728024446,0.0529499049356355,0.0967936447695652,0.0317142717009097,0.0410353922327286,0,0.0538984227496123,0,0,0.0227397908666568,0.19,0.0667883505441073,1.09017536283919
"TCGA-DD-A3A3-01A",0.0490189130315283,0,0.00250977976303523,0.0729215435755403,0,0.205301047136106,0,0.00234253107727873,0.114445186853186,0.0232477109996267,0,0.039507553097267,0,0.110282629120312,0.0761509171630732,0.191616689649073,0.0444328568532176,0,0.0607967109314142,0,0,0.00742593074934225,0.21,0.0554441746926951,1.06303241524192
"TCGA-2Y-A9GZ-01A",0.0455696325845714,0,0.0252686776459726,0.107022106690616,0,0.027979913503806,0,0.10760396589202,0.0258249603150592,0.00625297680124101,0,0.0609897064979527,0,0.139321909704442,0.0727847854534188,0.320287904116519,0.00805949003857472,0,0.0530339707558061,0,0,0,0.22,0.0547734919363774,1.06573164563298
"TCGA-DD-A1ED-01A",0.041389133753683,0,0,0.149603001873416,0,0.173473086804043,0,0.0223571083795603,0.0369119947003443,0.00667654931697232,0,0.0728588860043872,0.0422212996344221,0.0463572408429639,0.0559242763137903,0.168251726845351,0.0138321288732638,0,0.126324975735002,0.03743551791643,0,0.00638307300636982,0.21,0.0559949829475794,1.06311567582497
"TCGA-DD-A11B-01A",0.0153761087942004,0,0,0.0766330271875684,0,0.2860745073066,0,0.00212284697172727,0.0633140796215052,0,0,0.0538567204841822,0.0273519913080464,0.0429225252894853,0.0648813139539669,0.219419224014554,0.00281860867090226,0,0.141230048890119,0,0,0.00399899750714225,0.83,-0.019827021638001,1.09336163452059
"TCGA-G3-A25Y-01A",0.0701429413967692,0,0.00354942004472619,0.0755018442269172,0,0.237336909771115,0,0.0550942968172315,0.106371776235084,0,0,0.0294364316003449,0.00716768467132877,0.0458117189097632,0.0996537070050766,0.191160001476824,0.00653736049021012,0,0.06830089513967,0,0,0.00393501221493926,0.11,0.0934327056049262,1.05345811440097
"TCGA-FV-A3R2-11A",0.0295545953403235,0,0,0.163729319401927,0,0.105479410143366,0,0.047584950229987,0.0199525814924413,0.00645949874976195,0,0.0412420564037451,0.0397582153700015,0.035710449486559,0.0948186651363988,0.34371044557227,0.0308405702944396,0,0,0.0370175297816599,0,0.00414171259711867,0.24,0.0524051321196003,1.07021953711164
"TCGA-DD-A73D-01A",0.0565287439913635,0,0.00164081603556648,0.0545496226569515,0,0.156539821033402,0,0,0.00994111688941636,0,0.029133588257065,0.0611877669125536,0.0308670615211815,0.101147921547385,0.167159631710796,0.172707720638112,0.0251743146337328,0,0.128091977636696,0,0,0.00532989653577865,0.43,0.0183069813121556,1.08343841503043
"TCGA-2V-A95S-01A",0.0240626815670722,0,0.00625196212192874,0.318165670654748,0,0,0.0228188950900908,0.07336071525421,0.118399179824354,0.0107868538092968,0,0.0774981820368422,0,0.101963179594337,0.104941075761771,0.0879546523295947,0.0128637996216356,0,0.024586707242849,0,0,0.0163464450912699,0.18,0.0734815798300641,1.0858271436222
"TCGA-2Y-A9GT-01A",0.101877938324426,0,0.00766760197607704,0.263485092708972,0,0.161925273804446,0.00970849842226227,0.0568729384514686,0.113420813327506,0,0,0.0539764737170993,0.028038882617573,0,0.0694035963663842,0.0884586849118976,0.00743041059182312,0,0.0377337947800642,0,0,0,0.0600000000000001,0.157390216322404,1.04830947682547
"TCGA-DD-A11C-11A",0.0889174918259653,0,0.00775412820286734,0.179154562953701,0,0.131352078287564,0.0035797261950873,0.00218789760257116,0.00914136436045935,0,0.0838953551348421,0.029279515491148,0.0742357525982173,0,0.0383240999835364,0.233569902490298,0,0,0.1000007812198,0,0,0.0186073436539431,0.12,0.0905093900336227,1.04588844013919
"TCGA-G3-A25Z-01A",0.0075521903726358,0,0,0.105617690198709,0,0.172789881832293,0,0.00641470116150231,0.134281782533949,0,0.0750907789135453,0,0.0170846953885386,0.10274903442089,0.068635550020244,0.153060081535397,0.0856610918998009,0,0.0563240543511079,0,0.000791243479208835,0.0139472238921782,0.29,0.0371356643938657,1.0707952083325
"TCGA-DD-A114-01A",0.048216636875297,0,0.0237127840987331,0.178750695993626,0,0.0794180393706206,0.0139365414439128,0.0518293554186061,0.0796304697978708,0,0,0.0346281199497357,0.0165470142678571,0.118857575796648,0.120469744004712,0.0937400955430205,0.0603269409113074,0,0.0740289249392897,0,0,0.00590706158876334,0.09,0.118154917839666,1.03793386181827
"TCGA-WX-AA46-01A",0.0882959055309749,0,0.00687290893035108,0.0393748263075845,0,0.0873828566750442,0,0.0137115572135318,0.0285100348199715,0.0311866775094242,0,0.0724924580271821,0.0964971227154027,0.0934622728784207,0.110223382271055,0.283289935293539,0,0,0,0.0275505685050332,0,0.0211494933224852,0.37,0.0256572251965793,1.08045806183875
"TCGA-NI-A8LF-01A",0.135880517776241,0,0.0119757899873639,0.14456808227808,0,0.103864351533191,0,0.0116388586386857,0.102373266845406,0,0.0701984809260954,0,0.00727352397931517,0.0874239580131939,0.0333617586735763,0.281635652601368,0,0,0.00980575874748388,0,0,0,0.32,0.0327521437882029,1.07615169318161
"TCGA-DD-A39Z-11A",0.0742418888901509,0,0.0837194862093095,0.0790831341837994,0,0.13896005341816,0,0.0146059813981815,0.0830979881584217,0,0.0399464924034644,0.0611998128084234,0.0296585509080669,0.0150931766936668,0.0544608478200806,0.300483722268348,0.00121470283527146,0,0.0242341620046551,0,0,0,0.2,0.0648537956172735,1.05971149551652
"TCGA-DD-A1EC-01A",0.0280641866257815,0,0.0197875667218661,0.217106605928048,0,0,0.0369871030475285,0.0807215098298227,0.113727122853278,0.115006856845794,0,0.0511940052994345,0,0.096522526514426,0.0988174118951917,0.0890752358259361,0.0188375308121528,0,0.0341523378007396,0,0,0,0.08,0.141316315312003,1.04789370940429
"TCGA-DD-AAE2-01A",0.0447439770205034,0,0.00567885981103385,0.269231758750287,0,0.0624105951840788,0,0.0615143989600169,0.0502540407118617,0,0,0.046618425787152,0.0084479813866138,0.0298046198013003,0.224106342689888,0.142207598963981,0.0299209812144299,0,0.0250604197188528,0,0,0,0.09,0.118949697640951,1.07282942872815
"TCGA-DD-A39W-11A",0.0766171987617857,0,0.00601623193401466,0.0402471759764389,0,0.154399721428214,0,0.018388582188271,0.0334856536804605,0,0.0714738225751348,0.0449006776435991,0.0633833625178296,0.0237658529864437,0.0425624832499149,0.386072847681999,0,0,0.0217514243829997,0,0,0.0169349649928941,0.43,0.0166966349216358,1.0789020055334
"TCGA-DD-AAD0-01A",0.0187313803844415,0,0.00128184422287217,0,0,0.174915520422336,0,0.00993514501257595,0.0292992337814612,0,0,0.0236228938032244,0,0.313270368602616,0.0617884084605196,0.145405000012021,0.00118631961306011,0,0.215034440611567,0,0,0.00552944507330592,0.1,0.103323126454137,1.05679370729965
"TCGA-DD-A11D-11A",0.112929412522083,0,0,0.134611149946825,0,0.192497630534784,0.00766081633543151,0,0.0821499896207038,0,0,0.0303576268382993,0.0255829714101444,0,0.142245183061659,0.168034922172071,0.0106153010131943,0,0.0722974907390348,0,0,0.0210175058057696,0.08,0.141956490435838,1.0341235455128
"TCGA-EP-A2KB-01A",0.011742453041999,0,0.00625637125784297,0.184359492173632,0,0.0992131025801055,0,0.0549360925382195,0.0783019966034166,0,0,0.0662179207351784,0.0157541738703802,0.102723631452754,0.0709427259878884,0.261355496608523,0.0220458429514809,0,0.0261507001985789,0,0,0,0.79,-0.0167401865417095,1.10195703852412
"TCGA-G3-A7M9-01A",0.143647091601304,0,0.0111926833376532,0.170664708176508,0,0,0,0.0555629807634201,0.0766801871572918,0,0,0.0558778630809658,0,0.334879536105149,0.0309657058450241,0.0371989755785469,0.0208359062715168,0,0.0555608817015593,0,0,0.00693348038106096,0.02,0.207275947454255,1.00989227617318
"TCGA-DD-AAVW-01A",0.0723492280087811,0,0,0.0802127834458981,0,0.340791535403877,0,0,0.0890430182967319,0,0,0.104208443533304,0.0243302739682713,0.0678265745444817,0.0308446857900911,0.0748141838126002,0.0327409903206554,0,0.0798291535182898,0,0,0.00300912935701833,0.19,0.0714312559614908,1.07323047890858
"TCGA-DD-AACQ-01A",0.045210454848235,0,0.0398014734758794,0.166303026705539,0,0,0,0.102162302678771,0.0508357192274938,0,0.0435246528228336,0.0354359313182158,0.00302091756737319,0.0925769447087963,0.290296388870783,0.11416503558732,0.00364782352281225,0,0.00182843183124874,0,0,0.011190896834698,0.2,0.0602253753373991,1.1204296271793
"TCGA-DD-A1EF-01A",0.151073450753163,0,0,0.109806600592588,0,0.14423191070725,0,0.0597430132792112,0.142776575385037,0,0,0.0378203583758638,0,0.114872637572148,0.0544578388803626,0.0668638057086694,0.0774868173213399,0,0.0408669914243665,0,0,0,0.03,0.196466637478978,1.00975866969672
"TCGA-DD-AAVZ-01A",0.0852653709796487,0,0,0.0680558125149254,0,0.409101547097641,0,0,0.0200775975416203,0,0,0.0450072337575126,0.0317688017365893,0.0670575031782699,0.0418419938050435,0.090389687822275,0.0371465520358737,0,0.0979323905674733,0,0,0.00635550896312774,0.73,-0.0109646746624052,1.09632959582638
"TCGA-DD-AAVP-01A",0.121140601237076,0,0.00665681033379016,0.110366034664812,0,0,0,0.0437008976008098,0.0646769618448878,0.0774296262854846,0,0.045300195572184,0.0172037855716409,0.0204259508573559,0.167768583662631,0.172928922597021,0.0122364949963793,0,0.123940040742947,0,0,0.0162250940329815,0.18,0.0722632668792383,1.06379691928718
"TCGA-UB-A7MA-01A",0.029276565855263,0,0,0.128590668667909,0,0.183120340419927,0,0.0691938373991681,0.0762883059776948,0,0,0.0915961061511219,0.0136269123747104,0.0449895351585434,0.0751974927028149,0.131951989918462,0.10025378165213,0,0.0366391554120842,0,0,0.0192753083101707,0.64,-0.00483629800601715,1.09612653356941
"TCGA-PD-A5DF-01A",0.0293610026450053,0,0.001476748178889,0.0309278564617981,0,0.0753591501625484,0.0132584318253938,0.0292853996338285,0.0660157496656382,0,0.0209806921415794,0,0,0.529960643823019,0.0904350042929211,0.0602646144112141,0.0103235279094253,0,0.0423511788487394,0,0,0,0.01,0.247661640860486,1.01859521991824
"TCGA-XR-A8TF-01A",0.0859283088949983,0,0.0081493251216194,0.307284888096146,0,0,0.0465972168993239,0.105989785199647,0.0771114840261238,0,0.00465120918068661,0.00141087129614416,0.0113540035889748,0.0406528021598489,0.0886764620033477,0.221981100180032,0,0,0,0,0,0.000212543353106705,0.51,0.00642414718075769,1.09922421932225
"TCGA-DD-A11B-11A",0.122489738184561,0,0.0422517136140652,0.166527671660303,0,0.18590503657758,0,0,0.0457234481911706,0,0.0107947216756137,0.0324400075301245,0.013375969833382,0.0339283230204662,0.105983380690276,0.183973359859127,0.02656402279892,0,0.0288339270951919,0,0,0.00120867926921911,0.04,0.190876529714995,1.0114239968652
"TCGA-DD-A1EL-11A",0.0807769498386406,0,0.0100774876388932,0.0664731073276003,0,0.103366086135308,0.00953846450532663,0,0.0316967784889388,0.0765492298621144,0,0.0265538348216289,0.0389896489100167,0.0216328044680473,0.163114009186699,0.28343020717385,0.0125992361918046,0,0.0572615488329955,0,0,0.0179406066181358,0.1,0.104479436368923,1.04897083658788
"TCGA-CC-A5UE-01A",0,0,0.00107245304800287,0.133857220878733,0,0.194636626048903,0,0.0141121804147161,0.10987999199788,0,0,0.0318163392353182,0,0.225696798383682,0.0455078840992916,0.162162486888121,0.0472903094686827,0,0.0322122534751089,0,0,0.00175545606156037,0.43,0.0173200230461498,1.093697664186
"TCGA-GJ-A6C0-01A",0.0111968117938479,0,0,0.0519854077028065,0,0.07791655214102,0.016910939067849,0.0251308062891335,0.0673130953870044,0,0.00680472785157526,0,0,0.411352909935446,0.129799911796103,0.140998420707553,0.0227297573908232,0,0.0142739287103799,0,0,0.0235867312264583,0.04,0.185039748621497,1.04256355842015
"TCGA-ZP-A9CZ-01A",0.0598801785184057,0,0.0065508659763988,0.117123056291691,0,0.122806573590979,0.00334696949155713,0.0425562933712784,0.0964228657512892,0,0,0.0364024260383658,0.0090201939049168,0.0544964992083225,0.160902800678862,0.120474754858344,0.104624130273146,0,0.0627702080309021,0,0,0.00262218401554115,0.18,0.0741665701586375,1.06090371915837
"TCGA-RC-A7SB-01A",0.00914509711395363,0,0,0.11606141276346,0,0.0841205199836125,0,0.012075719657919,0.069390030055285,0.0139666140071516,0,0.0523628271784344,0,0.139639159659898,0.145791302423718,0.2544800971403,0.0329901354101157,0,0.0699770846061517,0,0,0,0.14,0.0830845985142099,1.06278159151962
"TCGA-RC-A7SH-01A",0,0.0182845208607697,0.0123270766985793,0.16350042840217,0,0.0961033743232858,0,0.0969813249512849,0.204407814665544,0,0,0.0849595587982687,0.00424919992623183,0.124864255686866,0.0809676333322574,0.0556925318128026,0.00102471699009348,0,0.0566375635518458,0,0,0,0.58,0.00194256797782587,1.11750863470251
"TCGA-2Y-A9GW-01A",0.0400044670871929,0,0,0.0175118401731694,0,0.149224288463814,0,0.00983636276635019,0.0683110440394303,0,0,0.00768136035590038,0.00287910337848103,0.450171996234264,0.0862123864553859,0.0364993522701962,0.102432643069556,0,0.0258268129454408,0,0,0.00340834276081822,0,0.286229692083199,0.986116693789145
"TCGA-WX-AA47-01A",0.133634126384838,0,0.0407967248796398,0,0,0.156930243701246,0,0.0284320195995298,0.0270587075761882,0,0.151483236193647,0,0.0291091170933032,0.318627986560938,0.0307078919130728,0,0,0.016682394554699,0.0603713452700037,0,0.00616620627289472,0,0.17,0.0773774505131781,1.06101082347882
"TCGA-ED-A66Y-01A",0.0539017681660278,0.0089115598146782,0,0.0600219605505888,0,0.0883160418194932,0,0.0842286316873884,0.095269918586983,0,0,0.0473558738369158,0,0.262356336472376,0.0412746167958209,0.205730032208725,0.00123437540145679,0,0.0513988846595466,0,0,0,0.24,0.0532361967865263,1.07355311008049
"TCGA-DD-AACT-01A",0.0600153342090956,0,0.00550881408850549,0.222976542509579,0,0.0896872431525231,0,0.0414557240194434,0.0937266977131934,0,0.0108623780935065,0.0567956025257223,0.0130579546706983,0.059289496894913,0.0911925428985679,0.178035284159135,0.0292922739147229,0,0.0354292136359893,0,0,0.0126748975144051,0.18,0.0723198531176485,1.06523736933413
"TCGA-ZS-A9CG-01A",0.0830931447967651,0,0.00979676187589537,0.109308648504282,0,0.0441221228630832,0,0.0183920814357574,0,0.0569159133984033,0,0.12054083953052,0.00536982938423825,0,0.142323766566413,0.295640349913245,0,0,0.102372603824721,0,0,0.0121239379066774,0.44,0.0141175722489852,1.09463743297837
"TCGA-DD-AADK-01A",0.117582133508081,0,0.0711220434799801,0.0594926901927664,0,0.191000083645714,0,0.0385518950001219,0.107164581773786,0,0.00452787555830533,0.029154927169637,0.0124349391470655,0.0438491111436481,0.079249598642612,0.123017191930019,0.0818951827498148,0,0.0409577460584491,0,0,0,0.01,0.248845904028355,0.982677041031126
"TCGA-BC-A216-01A",0.14464552500071,0,0.0277082613568764,0.433950979850644,0,0,0.132348336489051,0.0572829063307839,0.0295700668543738,0,0,0.0197281649026594,0.00788630059324296,0.00827172881407614,0.0630359167466874,0.0331713091868319,0,0,0.033790107611987,0,0,0.00861039626207632,0.05,0.173401217430224,1.04384631842774
"TCGA-DD-AADV-01A",0.0882939518952336,0,0.00268049507087774,0.099849739212349,0,0.0588562240530415,0,0.024298496956388,0.0975094580874594,0.00308201528354244,0,0.0361392305698895,0,0.17497252210652,0.0606253942765025,0.234738488117787,0.0754120151195507,0,0.0370894465118429,0,0,0.00645252273901603,0.17,0.076263562814661,1.05439333493443
"TCGA-DD-AAE7-01A",0.0399136290101026,0,0,0.226371576344881,0,0.243284177394188,0,0.0143605685004762,0.0417029334958435,0.00126161484714399,0,0.00502409991273103,0,0.00984009078079411,0.101505604306095,0.230535509531187,0.0812929092439602,0,0.00490728663259735,0,0,0,0.26,0.0472407083577941,1.08305043584732
"TCGA-DD-AACX-01A",0.0844007631330011,0,0.0024254378387602,0.0846109599801187,0,0.126706606162761,0,0.0135279830033716,0.0547089035332137,0,0,0.0323755517037751,0.0456748118046841,0.0103876659020376,0.194752223499703,0.274036887547626,0.0215459254090676,0,0.052497932918527,0,0,0.00234834756335223,0.38,0.0249920057916753,1.08968728706962
"TCGA-DD-AADQ-01A",0.0558524584550028,0,0,0.301379502446582,0,0,0.0211397049181556,0.0673610115978069,0.157905470181244,0,0,0.0611114772611109,0.0126490555709247,0.0444395277465384,0.085037477852336,0.11705677242868,0.0123933793343476,0,0.0636741622072714,0,0,0,0.73,-0.0104284297004783,1.11506804986101
"TCGA-DD-A39W-01A",0.1367354145856,0,0.0228457604125838,0.0353089172450668,0,0.141261106541403,0,0.0228756316201234,0.0596369426991206,0.0101668609746451,0.0292844348817086,0.0431937014347315,0.0278096829646731,0.0521550143461904,0.165419702866277,0.123585559767362,0.0210020611554684,0,0.0998922997198257,0,0,0.00882690878522006,0.29,0.037350064042779,1.07400231327398
"TCGA-DD-A1EJ-01A",0,0.00609212304108955,0.000502885051863207,0.107680956886136,0,0.109483987212172,0,0,0.0628624070151512,0,0,0.0609281837820545,0.0278221697088495,0.111724683094267,0.12382140176396,0.314580688122757,0.0188276549921453,0,0.0446017085488528,0,0,0.011071150780702,0.45,0.0134655475030276,1.0906661301427
"TCGA-DD-AAED-01A",0,0.0334415948682853,0.0108760307720444,0.0179170231673931,0,0.183267895974587,0,0.0575635114811502,0.107881921670378,0.00892014618211012,0.0309641244699284,0,0,0.280431636702022,0.0727215374740193,0.177516834365171,0,0,0.0184977428729111,0,0,0,0.15,0.0810341746497936,1.0671782654867
"TCGA-CC-A9FW-01A",0.0546389836724401,0,0.0149022938875394,0.155600109190646,0,0,0,0.076734060373508,0.155857366866239,0,0,0.0578363771022616,0.0128394326070966,0.215378668134371,0.0677866783692627,0.044562808232363,0.0412898652830881,0,0.102573356281184,0,0,0,0.13,0.0881104957063665,1.05265092732577
