"","BTN2A2","BTNL3","BTNL9","CEACAM1","IDO1","TDO2","VTCN1","ADORA2A","BTN3A1","CD276","CD274","PDCD1LG2","PDCD1","CD28","CD80","CD86","CTLA4","ICOS","ICOSLG","CD160","BTLA","TNFRSF14","TNFSF14","TNFSF9","TNFRSF9","TNFSF4","TNFRSF4","CD70","CD27","CD40","CD40LG","HAVCR2","LGALS9","TNFSF18","TNFRSF18","CD47","SIRPA","CD226","CD96","TIGIT","PVR","BTN2A1","CD209","HLA-DOB","HLA-G","KIR2DL1","KIR2DL3","KIR2DL4","KIR3DL2","HLA-A","HLA-B","HLA-C","HLA-DMA","HLA-DMB","HLA-DOA","HLA-DPA1","HLA-DPB1","HLA-DQA1","HLA-DQB1","HLA-DRA","HLA-DRB1","HLA-DRB5","HLA-E","HLA-F","LAG3","KIR2DS4","KIR3DL1","KIR3DL3"
"TCGA-DD-AACK-01A",1.5774,0,0.4939,16.608,0.0892,54.7355,0.47,0.3014,3.0084,10.1345,0.3701,0.1097,0.2332,0.233,0.0775,0.7192,0.3407,0.1623,0.0438,0.0403,0.0493,4.3566,6.2281,0.0163,9.4728,0.1548,1.6989,0.0814,0.3699,5.5976,0.677,0.9634,1.6542,0.0974,0.5247,3.2775,14.7184,0.056,0.3686,0.1591,8.7549,2.7566,0.5963,0.0633,0.8625,0.0053,0,0.0155,0.0284,252.2639,180.4877,296.5893,6.8066,1.3686,1.0794,6.0301,9.3364,3.9402,4.3825,94.231,89.5857,68.3333,107.3583,12.5972,0.451,0.0111,0.0143,0
"TCGA-DD-AADA-01A",0.6841,0,3.0268,12.7243,0.5524,19.9724,0.0069,0.7947,7.8457,5.2224,0.1478,0.2325,0.4594,0.3773,0.0196,0.6825,0.3425,0.2787,0.0897,0.1319,0.2205,6.843,4.1273,0.4358,0.1285,2.4204,0.973,0.2464,0.6337,2.6501,0.7577,0.6325,2.9615,0.0104,0.5602,2.0984,5.5305,0.2821,0.7824,0.447,6.1889,4.7671,0.1518,0.4682,3.2074,0.0371,0.0132,0.0364,0.1004,393.2299,457.209,245.6127,6.7401,1.3302,1.0243,10.5335,12.8258,3.8126,3.203,111.7364,68.0612,17.5085,150.3582,18.2203,2.4808,0,0.0112,0
"TCGA-DD-A3A5-01A",1.3099,0,0.531,15.3068,0.0207,64.1082,0.0159,0.2866,3.9062,10.811,0.3566,0.2271,0.2176,0.1278,0,0.2795,0,0.0639,0.0154,0.0423,0.0067,7.5181,1.0148,0.4556,0,0.1454,1.1156,0.0157,0.5631,32.1485,0.1297,0.3738,1.7651,0.012,0.5668,5.6928,5.6922,0.0246,0.3759,0.1064,12.7354,1.9974,0.2666,0.9762,1.1442,0.0284,0.0302,0.1254,0,324.2745,349.2666,441.2709,38.9461,2.1499,0.6143,8.2135,8.4568,1.6642,6.6547,85.2257,97.1493,10.201,164.4228,16.7623,0.7072,0.0747,0.0128,0
"TCGA-DD-A3A5-11A",0.3197,0,0.1351,8.5355,0.1017,69.6372,0.331,0.1046,1.2851,7.7145,0.1474,0.0858,0.0498,0.0598,0.0065,0.3523,0.0098,0.0079,0.0089,0.0894,0.0116,4.0916,3.7993,0.0511,0.0066,0.0895,0.1455,0.0546,0.0632,5.1419,0.0451,0.3574,0.5443,0.0208,0.0493,2.5402,24.1924,0.0245,0.0891,0.1097,4.1351,1.4276,0.1513,0.0212,0.3315,0,0.0262,0,0.0111,58.5091,82.5206,169.1828,2.3359,0.3801,0.5236,3.7187,3.6975,1.0523,1.6728,31.3951,29.1966,2.3379,68.1874,3.9813,0.7582,0.0649,0.0112,0
"TCGA-CC-A7IJ-01A",5.2295,0.0078,0.0685,0.362,3.8129,1.285,0.2392,0.0864,8.0632,69.6634,9.2115,39.0242,3.7708,0.94,0.3795,10.9655,1.4513,1.0722,0.3121,0.0768,0.1689,8.7318,0.2471,4.8043,3.9163,3.6492,2.9211,12.4784,4.6986,18.1544,0.3601,13.0031,18.3602,0.038,2.1437,17.1262,24.3544,0.1758,2.122,2.4807,13.517,11.0589,4.8433,1.278,1.9021,0,0.0359,0.1105,0.0406,761.5391,1070.9028,934.9952,91.1027,25.4394,18.2127,71.3058,163.7705,83.2243,61.4741,1956.0135,1556.5799,215.0332,346.2283,12.9336,10.911,0.0237,0.0102,0
"TCGA-RC-A6M5-01A",1.1216,0.0068,2.9224,10.3955,0.2376,101.8011,0.0164,0.087,3.2941,6.3786,0.1735,0.3884,0.2055,0.1018,0.0155,0.4532,0.2246,0.0693,0.0869,0.1335,0.0597,4.6634,8.4942,0.8519,0.0183,0.828,2.0595,0.065,0.3259,8.9928,0.2684,1.7594,2.5697,0.0825,0.4042,3.6469,18.8891,0.04,0.2771,0.0571,8.9465,3.0283,0.5406,0.2105,1.4664,0.0098,0.0104,0.0192,0.0088,244.5541,333.6379,191.0802,6.8722,1.3041,0.9477,10.9415,9.1113,1.3291,2.2946,97.5819,31.7557,15.1404,215.8649,8.146,0.2495,0,0.0531,0
"TCGA-DD-AACY-01A",0.7997,0.2927,0.9518,13.293,0.0966,96.0955,0,0.3076,2.0335,9.7885,0.1303,0.106,0.1891,0.1786,0.0309,0.6116,0.0371,0.0905,0.1316,0.0449,0.0165,8.8931,12.2092,0.5461,0.0187,0.7556,0.6449,0.0518,0.15,5.5141,0.3533,0.7162,1.1626,0.1876,0.2028,2.7648,15.1056,0.0436,0.4022,0.0749,9.0338,3.9116,0.1977,0.2519,2.2608,0,0,0.023,0.0106,276.0779,402.4675,320.0901,6.673,1.7582,1.1788,5.6441,10.3935,1.72,1.8116,112.493,38.2565,27.0166,154.3656,18.7685,0.3504,0.0493,0,0
"TCGA-BC-A10R-11A",0.6879,0,1.2025,9.5465,0.2845,90.9894,0.534,0.0917,2.0398,10.5503,1.9478,1.8425,0.2366,0.1147,0.259,3.0219,0.0972,0.0243,0.0274,0.1048,0.0399,4.0813,1.9017,0.049,0.1511,0.105,0.1394,0.0105,0.1332,5.3451,0.0864,4.2749,3.3525,0.255,0.1259,3.9707,27.0771,0.205,0.3046,0.3048,13.6704,1.7411,0.6345,0.1138,0.6263,0.0284,0.0201,0.0743,0.162,165.7807,196.6104,297.689,11.2469,3.2264,5.2703,22.9222,19.0896,8.2168,2.7151,296.9392,149.6957,31.1364,187.4959,8.5228,1.4925,0.2687,0.2994,0
"TCGA-DD-AAW0-01A",1.9847,0,0.7341,25.361,0.466,80.1042,0.2953,0.6449,4.9849,10.5405,0.5094,0.3509,0.5523,0.47,0.1518,2.1695,0.2753,0.1854,0.5807,0.0819,0.1463,5.4886,14.1542,1.1937,0.2238,1.5637,1.0973,0.1461,0.8145,10.3965,1.3494,4.0863,4.7149,0.2024,1.0391,5.3125,11.4683,0.299,1.2398,0.3869,15.8128,3.8306,0.6352,1.084,3.054,0,0.0255,0.0471,0.0649,194.4628,247.3395,370.9172,17.4714,4.0785,4.4538,33.4878,22.2589,4.6609,8.7998,340.1705,114.5316,55.7349,163.242,8.2918,0.5651,0.0126,0,0
"TCGA-DD-A39X-01A",1.5569,3.7114,0.4001,13.3207,0.2819,41.779,0.0306,0.1682,3.0073,11.9886,0.1309,0.1297,0.2035,0.1253,0.0462,0.8581,0.156,0.1128,0.1152,0.0374,0.036,7.8327,2.0374,1.4304,0.0175,0.1545,2.5207,0.0364,0.1543,8.138,0.4107,1.1146,4.4183,0.0185,1.0654,5.4405,10.9457,0.1168,0.2211,0.0792,6.8291,2.5177,0.8069,0.886,1.5151,0,0,0,0,464.6925,397.8087,343.4533,81.0296,5.4326,1.8005,32.265,38.3887,7.3007,14.5364,408.122,549.4709,53.1559,416.8591,15.132,0.3642,0,0,0
"TCGA-DD-AAD3-01A",2.3507,0.0245,0.683,14.8044,0.4221,118.4603,0.138,0.3846,6.1704,9.8744,0.2421,0.3599,0.389,0.7656,0.1486,1.4586,0.2696,0.2042,0.0469,0.0451,0.0827,7.9109,0.3038,0.1217,0.1127,0.9086,1.2593,0.013,0.4665,6.9996,0.6445,1.6289,5.2955,0.2081,0.5635,4.8708,9.8567,0.2097,0.6158,0.1731,9.5783,6.0622,0.5003,0.3336,4.5362,0,0,0,0.0106,567.9165,584.7138,1021.7081,13.5942,2.4366,2.7543,13.1415,19.0634,3.1129,2.7667,228.6842,93.27,50.8807,231.5511,22.7478,0.3776,0,0,0
"TCGA-DD-AAW2-01A",2.1244,0,2.3278,8.4237,0.3199,22.5129,0.0112,0.5003,13.4964,6.1368,0.2222,0.1112,0.0484,0.3945,0.021,0.3345,0,0,0.0434,0.0341,0.0187,6.1272,0.1485,0,0.0319,0.3839,1.5904,0.0221,0.0767,1.7435,0.0548,0.4211,1.0888,0.0674,0.2128,7.9498,1.8826,0.0198,0.0962,0.05,6.9585,7.7586,0.36,0.1546,1.8219,0.04,0.0212,0.0784,0.054,405.0604,662.0084,1079.1658,3.8239,0.7549,0.9413,6.8881,6.0021,1.8814,3.5163,56.7506,55.3249,29.9973,278.3231,5.7436,0.0996,0.0421,0.0181,0
"TCGA-DD-AAD2-01A",1.1862,0,0.8016,16.9081,0.3732,138.0607,0.2745,0.2578,3.4253,9.4632,0.6001,0.9339,1.0831,0.5386,0.0431,1.7407,0.5436,0.2949,0.0148,0.0697,0.1151,6.4935,11.2991,0.356,0.0959,0.5451,1.4798,0.1267,0.44,6.7898,0.9422,2.6128,5.7925,0.4,0.6755,6.3441,11.5494,0.1663,1.0052,0.2183,7.0129,2.9987,0.4518,0.3096,1.1783,0,0.0348,0,0.059,224.4715,333.939,485.7593,18.2561,3.8847,2.7579,18.889,17.7047,12.052,11.1377,239.6358,140.6279,22.8448,158.3358,10.8158,0.6979,0.0861,0.0148,0
"TCGA-DD-AACN-01A",1.1661,0.0527,1.5307,7.2939,0.5606,10.7323,4.037,0.5956,3.985,17.4481,0.8266,0.3597,1.0428,0.6109,0.1361,1.3922,0.7333,0.3521,0.1157,0.1231,0.1497,4.9144,5.1614,0.2519,0.2105,2.1033,1.1055,0.0841,1.1676,2.4287,0.8335,1.6259,6.794,0.1025,0.6477,3.7337,36.7237,0.2336,0.6453,0.3717,14.4452,7.7784,0.373,0.353,1.503,0.0304,0.0162,0.0448,0.0959,303.9788,255.9155,399.7175,7.7689,2.1973,2.4326,13.3555,20.7604,5.9578,10.0618,224.8158,126.9361,94.9816,188.3868,9.3724,0.7997,0,0.0138,0
"TCGA-5C-A9VG-01A",0.3661,0.0091,1.5357,0.5408,0.1471,0.4661,0.0516,0.0319,0.9947,22.6887,0.2009,0.211,0.2127,0.4018,0.0555,0.8632,0.1251,0.0509,0.2101,0.1348,0.0371,3.1026,8.1478,0.1638,0.0386,3.1408,1.399,0.0292,0.1181,1.982,0.1807,1.1042,2.7366,0.0889,0.4212,1.3572,3.573,0.0964,0.1786,0.0439,8.2853,3.9877,0.2779,0.1247,0.3796,0,0,0.0388,0.0238,56.7203,76.6665,54.2129,4.7002,0.9719,1.0686,8.6113,7.9964,2.5829,2.9247,80.2055,55.5205,9.1366,69.3768,2.5692,0.2482,0.0139,0.0119,0
"TCGA-G3-A25X-01A",2.5955,2.0573,0.3007,6.6863,0.4852,29.6361,0.7959,0.2519,4.6444,20.3471,0.5186,0.7778,1.9655,0.2527,0.2107,4.061,2.354,0.4845,0.0512,0.0552,0.0331,11.8078,2.1744,0.8286,0.1943,0.5225,10.5916,0.3644,0.8434,13.103,0.1935,5.5109,14.2835,0.1388,47.5771,18.2935,14.8541,0.0918,0.8502,1.2422,24.0711,6.2673,1.1728,0.8094,3.9755,0.2354,0.2001,0.4273,0.2122,668.0775,505.3799,546.499,72.7235,12.7461,10.2678,45.8257,97.3257,25.1241,33.0663,573.0886,699.8747,65.6434,321.5169,26.4591,5.0821,0.3962,0.0532,0
"TCGA-DD-A39X-11A",0.4218,0.0309,0.1192,7.8582,0.1772,84.5305,0.0946,0.1511,2.0386,5.5055,0.2569,0.3595,0.1294,0.0833,0.0328,0.6535,0.0493,0.0573,0.0936,0.2202,0.0334,4.2543,2.3559,0.083,0.0071,0.1864,0.035,0.0099,0.1711,6.4763,0.2686,1.0185,1.4643,0,0.0237,2.9935,7.296,0.106,0.2709,0.1213,3.7998,1.7436,0.7787,0.2145,0.7012,0,0.0095,0.0437,0.0883,113.3834,107.5079,109.9664,4.5825,1.268,1.6146,11.0129,11.0194,4.2754,4.7342,91.4952,87.1779,10.3358,102.6342,4.0807,1.2629,0,0.0806,0
"TCGA-BC-A10R-01A",0.3592,0,1.8993,11.7327,0.0366,27.7122,0.4324,0.4457,1.7029,10.1142,0.1282,0.3609,0.1142,0.1862,0.0397,0.7569,0.0522,0.0182,0.0103,0.0442,0.0177,9.1825,0.0367,0.7228,0.0226,0.9142,2.0761,0.0209,0.0483,12.6176,0.112,0.9242,3.363,0.1113,0.3516,3.3436,19.1189,0.0946,0.0937,0.0393,5.8889,2.103,0.5966,0.1054,0.2716,0.0189,0,0.0093,0,52.0506,81.4102,133.6539,8.8478,1.8303,2.0776,12.3034,11.2168,3.2069,1.5492,125.5911,66.2436,13.496,107.3086,2.9331,0.1462,0,0,0
"TCGA-BC-A3KF-01A",2.0183,0.0117,2.5393,30.1304,0.0818,96.7342,0.0094,0.361,4.8765,17.1032,0.33,0.2171,0.1429,0.5258,0.0178,0.6933,0.04,0.0597,0.0825,0.0826,0.0356,8.0441,1.8657,0.1834,0.0247,1.127,0.6132,0.0373,0.1727,12.8934,0.6087,0.5597,1.6631,0.1563,0.1235,4.1538,8.316,0.0543,0.3732,0.0843,2.6886,3.5794,0.8405,0.4133,1.6753,0.0253,0,0.0414,0.0076,506.6878,458.7666,477.7211,6.0812,1.0517,0.5619,10.7016,5.943,1.6543,2.0425,93.045,47.2297,8.9722,451.5505,17.5921,0.7471,0.0266,0.0153,0
"TCGA-RG-A7D4-01A",6.9021,0,0.7896,5.7144,1.0119,0.3477,0.1727,0.337,12.6455,8.9902,0.6301,0.9891,6.9322,0.942,0.1627,3.2634,3.6408,1.1432,0.042,0.1514,0.6084,10.0142,2.166,0.72,1.5184,0.4486,3.6743,0.8715,5.7156,8.1724,1.2141,4.4363,4.4887,0.1302,2.777,7.3127,11.4508,0.2776,1.7722,2.73,7.4046,8.0293,0.5153,5.8987,6.0952,0.0309,0.0328,1.0009,0.1672,920.7426,767.8737,1039.0476,162.4335,16.4479,34.7884,151.737,97.5971,15.8741,114.3541,1736.9036,1112.1474,716.363,422.1829,31.3078,9.7104,0,0.0699,0
"TCGA-G3-AAV4-01A",5.0803,0.0201,4.9161,7.7464,2.935,0.7089,0,0.4336,16.8642,3.502,0.5438,0.5754,0.0819,0.191,0.1605,1.1428,0.0115,0.0187,0.0342,0.0495,0.0204,10.1846,0.2003,1.3372,0.0386,0.2106,2.1527,0.0642,0.0371,18.3367,0.4639,0.8713,2.5563,0.11,0.1545,0.5784,11.6433,0.0557,0.2533,0.0524,15.3787,7.0336,0.2781,0.0873,1.0861,0.0145,0,0.057,0.0131,578.2996,863.3435,979.1897,10.4238,1.3251,1.0221,11.8776,7.9685,2.675,5.8821,106.8022,109.3043,68.3655,535.7037,33.4647,1.1809,0,0.0262,0
"TCGA-2Y-A9H7-01A",1.5631,0,1.3467,10.0567,0.3471,41.3102,0,0.4564,2.6038,23.5975,0.0854,0.1082,0.159,0.3089,0.0273,0.582,0.123,0.1134,0.1052,0.0442,0.0923,12.6646,2.0445,0.043,0.0249,0.124,0.591,0.0573,0.3053,1.1553,0.7674,0.6992,1.2313,0.0612,0.4279,4.1168,9.4823,0.0565,0.3402,0.0432,8.9482,3.2941,0.2266,0.2051,0.4976,0.0104,0,0.0305,0,115.9675,98.547,80.4552,7.2966,1.7534,2.4292,22.3407,20.1963,5.5239,12.1036,173.5916,99.3331,73.3114,60.9943,5.7129,0.4019,0.0109,0.0094,0
"TCGA-DD-A11D-01A",1.2799,0.0702,2.0509,30.4438,0.5108,124.3902,0.0113,0.3026,4.8434,9.8375,0.2752,0.2395,0.049,0.2946,0.032,0.4685,0.048,0.0651,0.1174,0.1035,0.0095,3.2174,1.9138,0.021,0.0162,0.2767,2.4075,0.0224,0.0778,5.8033,0.444,0.448,2.7343,0.0853,0.3504,4.5273,43.3517,0.0652,0.3413,0.0731,9.4843,2.4699,0.6287,0.0348,0.7579,0.0405,0,0.0199,0.0183,286.7554,707.027,613.4308,3.8069,0.9507,0.5242,7.6357,6.4365,1.802,0.7965,67.8915,35.2661,7.154,178.0429,16.3174,0.157,0.0639,0.0183,0
"TCGA-DD-A4NB-01A",1.6126,0,1.5285,8.2659,0.5515,60.3865,0.065,0.0052,5.2882,9.518,0.4683,0.5033,0.8756,0.4385,0.0816,1.4691,0.4903,0.2078,0.0211,0.1156,0.1332,3.3391,6.8733,0.495,0.1617,1.3072,1.701,0.1,0.8598,6.9193,1.1567,3.4776,2.9036,0.8927,0.4816,4.6883,14.3669,0.2272,1.6644,0.201,6.1405,4.8082,0.8864,0.1444,1.7234,0,0,0.0254,0.0349,209.4436,210.6833,237.8949,10.0968,2.6915,3.1415,21.5434,20.9256,6.4691,4.2212,228.3955,95.6,28.9064,163.0153,7.5329,0.937,0.0544,0.0234,0
"TCGA-BD-A2L6-11A",2.5767,0.0071,2.0995,10.2262,5.0771,90.6321,1.8211,0.1233,7.5885,6.8849,1.4006,2.5712,1.2404,1.5834,0.5576,7.0871,1.2719,1.4148,0.0111,0.7158,0.8017,11.1325,3.4165,0.2425,0.5422,0.7477,2.1508,0.5967,1.9155,13.0377,5.2089,8.1466,10.0362,0.2059,1.1385,6.9082,15.1796,0.8626,5.259,1.021,5.9352,4.5989,2.1972,1.6456,2.8141,0.0102,0.0325,0.0999,0.0275,564.4247,648.9003,526.6342,47.5232,15.1278,22.1477,134.9647,82.3058,30.849,35.6578,1247.1059,562.4047,132.8368,357.9182,24.6999,2.4521,0.075,0.0644,0
"TCGA-DD-AADJ-01A",0.8289,0.0772,0.9816,8.6076,0.7198,34.4516,0.0104,0.4044,1.2747,9.5369,0.1375,0.1419,0.2245,0.1028,0.0195,0.7852,0.2346,0.0477,0.037,0.0079,0.0609,4.7332,2.1008,0.0576,0.0198,0.4672,2.0046,0.0615,0.1424,1.0705,0.3389,0.7816,2.7954,0.0313,0.8889,3.6321,10.1039,0.0345,0.2791,0.0927,8.6096,3.0661,0.0853,0.1435,1.5486,0.0185,0.0197,0,0.0167,224.0242,129.9583,156.757,5.7408,1.2109,1.708,10.8754,18.8938,4.2447,3.7499,124.4663,90.7738,20.6364,80.3868,9.6144,0.4929,0.0781,0,0
"TCGA-MI-A75G-01A",0.6529,0.5632,1.8401,18.1084,0.0917,39.7778,0.0186,0.2829,3.4481,5.9209,0.229,0.0774,0.0897,0.2003,0.0117,0.2464,0.0703,0.0286,0.1773,0.0142,0.0052,6.6353,0.2874,0.0345,0.0326,0.2896,1.3659,0.0615,0.0854,18.0702,0.1118,0.4159,1.0077,0.0281,0.1925,3.2176,17.6056,0.0124,0.1004,0.0556,18.1871,2.5937,0.422,0.0382,0.9606,0.0222,0,0,0.01,146.8038,161.569,445.345,11.3422,0.8403,0.2549,2.9528,4.724,0.6479,0.6715,33.5189,22.0317,4.7869,189.0477,10.082,0.3941,0.0117,0,0
"TCGA-BC-A10U-11A",0.3134,0.0149,0.7996,8.5233,0.1934,64.7668,1.3792,0.0435,1.0335,12.0186,1.9482,0.3898,0.1652,0.209,0.0794,0.9442,0.1363,0.0555,0.0098,0.0597,0.0404,2.5562,1.3044,0.1227,0.1176,0.0736,0.2012,0.0834,0.2069,3.1313,0.1477,1.9355,1.1614,0.0363,0.2725,3.423,16.3366,0.0934,0.3633,0.1137,13.4772,1.4827,0.888,0.0926,0.4033,0.0215,0,0.0529,0.0097,90.723,97.5367,58.3862,4.6662,0.8062,1.3032,10.3745,9.9497,2.1295,1.8365,115.8177,49.3668,23.7145,128.9625,2.4632,0.9366,0,0.0097,0
"TCGA-CC-5262-01A",1.015,0,0.2816,18.4994,0.319,30.5093,0.3301,0.271,3.1647,19.3098,0.4919,0.5228,0.314,0.581,0.2261,1.6054,0.4032,0.3022,0.1896,0.04,0.0629,6.813,2.1329,0.2084,0.2037,0.338,4.1668,0.1187,0.4294,11.6188,0.7356,2.7287,8.4999,0.441,1.983,7.7875,21.7993,0.0698,0.7554,0.3169,11.8967,3.8973,0.8436,0.1269,2.3956,0,0.0856,0.0263,0,647.1943,503.0376,391.5215,16.9215,3.8886,2.147,9.6663,21.0409,9.989,5.5608,221.4769,203.7648,19.6363,201.9703,16.7231,0.847,0.0282,0,0
"TCGA-DD-AAW1-01A",2.1312,0.0222,2.4608,10.7373,0.1657,3.4926,0.0895,0.4526,4.7342,6.2198,0.3121,0.2525,0.0603,0.2736,0.0337,0.4677,0.0169,0.0069,0.0097,0.0409,0.015,3.6765,0.7934,0.1658,0.9777,0.2917,0.3776,0,0.1503,4.4989,0.078,0.3936,1.7352,0.054,0.1137,6.0404,8.7112,0.0251,0.0514,0.0267,5.0732,2.3558,0.4092,0.1377,1.1371,0.0107,0.034,0.0419,0.0577,230.6206,299.0426,281.0922,16.8201,1.245,0.7112,3.5127,5.6199,1.3959,1.219,98.6037,71.4609,19.9959,215.3037,7.4625,0.2187,0.0786,0.029,0
"TCGA-G3-A7M7-01A",1.0652,0,1.221,12.6151,0.0132,70.5017,0.2671,0.0772,1.4431,7.6826,0.0562,0.038,0.0551,0.0946,0.0216,0.3226,0.054,0.0351,0.0915,0.0058,0.0192,6.5604,1.334,0.509,0.0218,0.2798,1.033,0.0453,0.0699,3.4549,0.262,0.6329,1.6294,0.023,0.3999,2.7749,9.1954,0.0203,0.1644,0.0607,13.1615,1.9217,0.3716,0.1174,0.7862,0,0,0.0134,0.0246,137.6525,202.914,346.1064,11.1113,1.0567,0.3651,3.3199,4.2516,0.9499,0.4617,62.4923,47.4271,7.0786,131.1205,4.2029,0.1058,0.0144,0.0123,0
"TCGA-DD-A4NP-01A",0.7785,0.0106,1.7908,5.1492,0.0855,0.8107,0.0171,0.0991,4.8008,3.767,0.1389,0.1013,0.0247,0.0744,0.0242,0.3925,0,0.0148,0.0139,0.1111,0.0216,6.9811,4.806,0.0476,0.3573,0.1146,0.3013,0.0085,0.0687,5.4129,0.056,0.4281,1.2508,0.0258,0.0612,5.1861,5.7936,0.0437,0.1108,0.0511,2.7653,1.8291,0.6406,0.0659,1.4568,0.0307,0.0326,0.0075,0.0276,331.984,430.0032,209.7325,10.0683,1.0854,0.5206,11.2745,8.2593,0.9102,1.8066,118.1407,87.5919,22.6119,224.0401,21.6292,0.2971,0.0242,0.0555,0
"TCGA-MI-A75E-01A",1.3768,0.3254,0.3459,17.7614,0.3413,36.9546,2.7594,0.251,4.0439,9.2829,0.3767,0.3263,0.7569,0.4305,0.0803,1.1372,0.1205,0.1132,0.1083,0.05,0.1099,11.2773,1.9549,0.1093,0.0624,0.3504,2.3849,0.0908,0.7504,5.3987,0.9963,1.606,4.3923,0.1284,0.9054,4.8865,16.794,0.1264,0.7518,0.2378,8.7194,3.0805,0.3506,0.5141,2.2394,0,0.0249,0.023,0.0423,346.9767,500.8955,367.507,16.7851,2.8558,3.6375,24.8757,23.5213,8.2985,10.6117,226.5628,128.0627,31.2834,186.0812,20.1524,0.3636,0,0.0636,0
"TCGA-G3-A7M8-01A",1.291,0.0082,3.02,6.1594,0.0749,69.5576,0.9626,0.1295,4.2521,3.6255,0.5821,0.2975,0.1054,0.2057,0.0751,0.9297,0.0563,0.0153,0.1312,0.0405,0.0167,4.8019,3.0186,0,0.0063,0.5324,0.3268,0,0.1216,2.6465,0.0109,1.4515,3.0352,0.04,0.1897,3.207,13.3136,0.0456,0.1001,0.066,5.6749,2.3402,0.6829,0.0511,1.5958,0.0238,0,0.0816,0.0214,187.7986,199.7551,162.3481,8.3654,1.9125,0.7561,4.9541,9.3515,2.2277,5.1675,111.1264,117.8133,75.69,105.9964,8.5368,0.6247,0.0125,0,0
"TCGA-DD-AACL-01A",1.625,0,0.4179,10.421,1.8991,29.1334,0.0145,0.2722,2.6056,12.7231,0.566,0.9921,3.096,0.5388,0.314,5.5647,1.9064,0.5838,0.0235,0.1105,0.3159,8.5561,1.6886,0.5101,0.6421,1.915,5.1713,0.7741,2.9532,8.1783,0.3079,7.9348,11.6308,0.1311,5.3496,12.9832,25.5396,0.1445,1.1004,0.9651,10.6682,3.6141,9.2623,2.2513,3.6576,0.0519,0.1653,0.3817,0.1169,525.0097,409.8842,443.6725,33.0046,7.1416,4.1369,41.8215,54.1573,23.5171,24.3665,618.0848,417.4307,89.1023,252.602,19.0716,5.6843,0.2728,0.0234,0
"TCGA-ZP-A9D0-01A",0.4375,1.9288,2.2819,29.3791,0.1059,20.071,0.0514,0.2413,2.4005,10.5921,0.0946,0.1679,0.0464,0.0995,0.0363,0.4129,0.1181,0.1183,0.025,0.0636,0.0054,5.3264,2.4238,1.4276,0.0428,0.8584,0.5306,0.0381,0.1176,0.6631,0.1155,0.3813,1.9562,0.0871,0.2294,3.4186,8.1884,0.0825,0.0968,0.0638,11.0778,2.4177,0.1894,0.158,1.7752,0.0115,0,0.0113,0.0104,87.3416,88.8443,178.0962,3.6411,0.8681,1.0093,7.8597,6.3024,3.2705,3.0483,72.1794,52.7509,6.7027,84.4043,4.0861,0.9732,0.0121,0,0
"TCGA-K7-A5RF-01A",1.3821,0,0.9944,15.5248,0.3484,150.0561,1.4675,0.19,5.0578,10.7597,0.6223,1.2579,0.8793,0.4504,0.3717,3.2799,0.2448,0.3665,0.1234,0.0633,0.0522,6.8734,0.4866,0.5642,0.1616,0.2221,0.937,0.1506,1.4107,7.4888,0.4978,3.1118,8.251,0.3131,1.0057,5.6952,14.964,0.2255,0.7157,0.6571,7.6558,2.7721,0.7406,0.2342,2.3652,0,0.0263,0.1823,0.0447,433.6739,502.5159,743.6967,12.8716,2.839,2.6856,22.2698,14.2407,5.2453,6.6741,220.9749,209.6914,27.6758,273.2598,20.7838,3.97,0.0261,0.0112,0
"TCGA-BC-A10W-01A",2.5145,8.5807,0.6505,11.6104,0.0981,25.7062,1.2546,0.14,4.8377,12.669,0.4126,0.4356,0.4508,0.2769,0.279,2.2811,0.8454,0.3161,0.0628,0.0616,0.0135,3.1477,9.1863,0.6983,0.2386,1.1927,3.3413,0.0426,0.4192,2.0495,0.1936,2.6895,3.5628,0.1867,1.2183,10.8874,13.031,0.0477,0.377,0.2997,9.5022,4.4805,2.6772,0.1574,0.3791,0,0.0307,0.1229,0.0087,157.9237,182.8008,246.3504,15.161,5.5509,4.6155,37.7115,26.1939,5.0203,5.3113,421.5045,135.0635,56.2003,98.6666,7.5434,0.4587,0,0.0087,0
"TCGA-DD-A114-11A",2.5578,0.1983,0.2609,16.4129,1.4443,114.2129,0.755,0.1712,8.9506,7.4887,1.2182,1.7422,1.1455,0.8981,0.1869,2.8344,0.7094,0.5962,0.1286,0.6133,0.2126,6.8453,1.375,0.2859,0.3991,0.4209,0.8234,0.0763,1.388,10.3225,1.207,3.007,7.0212,0.1662,0.42,8.5676,18.2598,0.3432,2.0893,0.9531,7.1562,3.7838,1.5948,1.1019,3.5956,0.5915,0.0733,0.1645,0.3288,1099.3152,1391.9351,769.2042,18.1179,4.4588,5.8115,48.0884,35.433,23.0167,16.6066,433.7719,345.6553,39.0747,346.4117,55.7467,2.6147,0.0207,0.5171,0.0888
"TCGA-DD-AAD6-01A",2.0155,0,1.6672,17.3993,0.1516,0.2396,0,0.301,2.1445,9.988,0.099,0.0502,0.0388,0.4414,0.1266,0.7575,0.3041,0.0309,0.0174,0.0205,0.0225,4.8012,0.0596,0.0249,0.0064,0.0411,0.8741,0.0532,0.0615,4.7924,0.1977,0.8992,1.6018,0,0.256,1.4228,5.8019,0.0089,0.1665,0.0334,12.4613,4.0174,0.4055,0.4134,0.6461,0,0,0.0236,0.0217,161.7862,44.1051,50.3014,23.7457,0.7584,0.1735,0.6016,2.0254,0.987,1.2277,24.4926,20.5879,1.5295,68.4669,3.3939,0.2529,0.0253,0,0
"TCGA-DD-AACD-01A",1.6255,0,0.9186,5.3708,0.2429,12.7123,0.017,0.1777,5.3128,5.1525,0.1063,0.2323,0.098,0.1892,0.0879,1.4345,0.192,0.0488,0.0275,0.0323,0.064,11.4291,0.6178,1.4144,0.0364,0.1037,1.4763,0.151,0.0971,3.2696,0.2496,1.8148,4.5973,0.0128,0.9091,8.2019,6.5892,0.0376,0.3746,0.1054,13.1297,1.5189,0.7563,4.8669,11.6521,0,0.0806,0.0447,0.1231,1728.475,2613.7766,851.3699,234.5493,14.5509,1.7196,50.3605,96.8519,7.3569,41.6069,1084.7244,1604.9908,136.6704,590.1187,71.6494,0.5462,0.016,0,0
"TCGA-DD-A4NH-01A",2.6319,0.0092,0.5032,19.447,0.4751,12.7319,0.0518,0.2672,9.6822,30.0349,0.4034,0.4235,0.6727,0.275,0.0836,1.3161,0.5964,0.1362,0.0336,0.1523,0.0372,21.8019,22.4721,2.9327,1.5436,2.9099,2.5097,0.1024,0.1863,1.8475,0.4595,1.8753,7.1559,0.223,1.1452,15.9771,41.2161,0.1082,0.4223,0.1544,17.0826,9.6854,0.4211,0.6827,1.7655,0.0132,0.0141,0.052,0,690.8432,827.9402,565.7769,6.7533,1.7961,0.8537,8.4108,7.517,3.1492,5.8584,86.3656,45.1128,10.623,229.6794,32.6,0.5862,0,0,0
"TCGA-DD-AADS-01A",0.9656,0.057,0.8504,4.9343,0.4468,16.51,0.0368,0.186,2.1101,6.0206,0.2642,0.3433,1.2342,0.3418,0.0953,1.7003,1.3914,0.3386,0.0626,0,0.0925,10.0816,2.1017,0.1192,0.2409,0.1896,0.9696,0.2183,0.1895,16.4808,0.1953,2.0967,7.3346,0.0554,2.1895,4.5457,7.7922,0.0367,0.3466,0.6396,18.5691,0.6834,0.5989,1.5696,9.1078,0,0,0,0.1631,1406.3073,1105.8436,790.0334,22.4506,3.2697,2.3522,7.4606,23.7998,5.2237,9.5221,141.9614,366.0961,157.5987,313.7808,93.2176,4.4256,0,0,0
"TCGA-ED-A7PX-01A",3.875,0,0.0927,1.6388,0.197,9.2096,8.8471,0.0117,8.6903,26.7226,0.251,0.3835,3.4882,0.2311,0.3132,1.8997,0.1376,0.084,0.0631,0.1422,0.0068,9.8281,4.3804,1.5323,0.2163,1.3441,1.9529,0.0963,0.4085,2.4245,0.2121,3.1333,59.214,0.7335,1.8733,12.9231,21.2238,0.0809,0.3057,0.1773,20.1549,11.4079,0.0723,0.1746,7.8805,0.0145,0.0463,0.0997,0.0262,1247.1888,1515.299,982.526,8.3185,2.6712,2.0686,8.2163,13.9561,6.0555,4.9453,161.3281,72.4411,33.1869,431.8068,55.4472,0.4177,0,0,0
"TCGA-G3-A3CH-11A",0.8097,0.0574,0.3811,7.1044,0.6996,121.0972,0.4031,0.191,2.5062,5.8418,0.4675,1.1104,1.1351,0.3317,0.1245,1.7227,0.4767,0.3727,0.0707,0.3274,0.2438,5.7349,0.4268,0.049,0.1417,0.3281,0.2323,0.0915,1.1197,6.0461,0.648,1.9617,3.7598,0.01,0.4564,3.712,10.1649,0.2006,1.1637,0.6305,5.9832,2.1656,1.5227,0.2541,1.5771,0.0118,0.1759,0.0928,0.1705,221.059,365.9236,297.7471,9.7792,2.3676,2.3129,17.0172,18.3942,3.3944,2.9531,228.3462,91.161,44.3107,157.3405,11.7422,2.52,0.2115,0.0748,0
"TCGA-DD-A3A2-01A",0.6712,0,0.8802,2.0445,0.1836,6.5724,0.0062,0.2068,2.1081,2.7209,0.2751,0.1936,0.0449,0.0308,0.0059,0.3288,0.0176,0.0143,0.006,0.1755,0.0157,6.19,0.5201,0.0346,0.0237,0.2471,0.2078,0.0123,0.0997,0.8591,0.1424,0.5805,1.2756,0,0.1037,2.4016,10.9612,0.0648,1.176,0.0835,15.3929,2.0688,0.3115,0.134,0.4059,0,0,0.0109,0.01,135.5594,112.8885,173.4754,2.982,0.5838,0.4157,4.7018,3.3253,1.1465,2.911,39.2263,41.2988,41.6747,92.0533,2.226,0.6902,0.0117,0,0
"TCGA-DD-AAE9-01A",4.4406,0.0332,2.1419,11.5053,0.5926,2.4022,0.0402,0.7545,10.3828,5.7001,0.0789,0.1,0.0966,0.4231,0,0.4717,0.1326,0.0462,0.0694,0.051,0.0337,4.047,0.0424,0.2232,0.4018,0.5113,1.2709,0.0265,0.092,0.7234,0.3283,0.4669,1.7874,0.0202,0.4783,6.4037,9.1245,0.0119,0.1082,0.1065,12.1759,5.2333,0.9733,1.7917,5.8621,0.024,0.0255,0.047,0.0216,694.4192,483.7796,697.2191,156.6472,5.3593,0.3964,6.3811,13.877,1.9372,2.5207,490.8422,186.4525,51.0988,543.242,35.8608,0.0663,0.0252,0,0
"TCGA-EP-A2KA-01A",1.3749,5.5289,0.1692,8.1677,2.1017,96.7125,0.2212,0.4061,11.3492,10.4568,0.4142,0.5508,2.1406,0.3557,0.1859,2.0065,2.4529,0.7226,0.0136,0.1048,0.2858,29.4923,21.6297,0.288,0.376,0.3837,1.3454,0.6743,1.6704,47.7247,1.0653,2.8627,20.4446,0.1893,2.5349,9.0634,10.5163,0.1259,1.2945,1.2749,4.6572,4.2873,1.0703,2.1522,13.7371,0.1284,0.1592,0.5355,0.0771,2337.8103,2742.0463,1912.9207,133.7426,11.5046,3.3323,47.9216,48.4055,6.1825,10.6041,840.9896,509.4504,229.1089,646.4333,144.4978,2.9319,0.3602,0.0484,0
"TCGA-DD-A3A3-01A",0.795,0,0.4484,12.9889,0.1667,0.5245,0.04,0.2428,1.9459,6.4638,0.0708,0.0797,0.0924,0.0099,0.0226,0.4369,0.1924,0.0184,0.2074,0.0549,0.0134,10.0559,1.3985,1.5564,0.0038,0.1772,2.0254,0.0317,0.1282,3.2473,0.2354,0.6937,2.0219,0,5.9265,5.9919,3.2981,0.0053,0.1163,0.0517,7.2964,1.8228,0.1756,0.0738,2.6927,0.0429,0,0,0,467.2074,353.086,357.9761,30.1796,1.4964,0.5893,4.041,5.5751,0.8516,0.7853,89.7954,28.7928,13.6798,135.1198,7.0894,0.3725,0,0.0129,0
"TCGA-2Y-A9GZ-01A",1.0125,0,11.9207,7.7021,2.3456,65.1784,0.0347,0.4267,4.2338,6.4685,0.3072,0.1557,0.0201,0.1421,0.0196,0.3794,0.0197,0.024,0.0518,0.0583,0.0117,6.7199,1.2892,0.0257,0.0099,0.6899,1.1481,0.0137,0.2386,12.6727,0.0795,0.6548,0.9018,0.0628,0.2979,2.1635,12.0033,0.0231,0.0935,0.0794,10.0884,3.6655,0.4288,0.0641,0.9425,0.0746,0.0528,0.0488,0.0336,67.9862,79.7636,191.7735,3.1131,0.921,0.5592,4.669,3.5322,1.2467,1.5097,49.1316,34.6544,5.3338,127.6619,2.1836,0.6745,0,0.0225,0
"TCGA-DD-A1ED-01A",1.0197,0,2.6374,5.0127,0.2931,13.8989,0.0944,0.0395,4.3858,6.0547,0.4245,0.5687,0.2796,0.5324,0.0842,1.8938,0.2178,0.2058,0.1014,0.3445,0.0708,5.2889,6.3873,0.46,0.0402,0.1935,0.8904,0.1572,0.2388,4.6213,0.5763,1.3713,1.8811,0.2545,0.3666,4.3889,15.345,0.1486,0.6418,0.19,4.9994,2.5127,1.3623,0.2215,1.7395,0.0711,0.0472,0.0523,0.04,242.974,367.0834,301.1144,31.1987,4.383,3.0842,49.7165,36.4589,6.9408,24.0816,619.0328,405.661,114.9335,250.1272,15.5204,0.4722,0.0841,0.0482,0.0356
"TCGA-DD-A11B-01A",1.3757,0.0362,4.2045,11.167,0.4804,49.0041,0.0175,0.3494,3.9648,10.5669,0.219,0.4642,0.1346,0.2383,0.0165,0.2669,0.0165,0.0335,0.2398,0.0533,0.0684,3.0548,6.8712,0.0432,0.0056,1.1306,0.338,0.0231,0.1334,4.1422,0.3143,0.3789,0.6328,0.0703,0.0416,7.9499,7.0849,0.1601,0.2228,0.0348,10.5032,3.3071,0.5195,0.0538,0.4803,0,0.0111,0.0102,0.0188,80.5291,118.2876,153.5192,4.1718,0.6806,0.6459,6.1376,4.8101,1.4146,2.4063,48.5507,28.2028,6.7735,92.3499,3.8099,1.0851,0.0439,0.0189,0
"TCGA-G3-A25Y-01A",1.402,0.1006,2.6322,5.7621,1.1649,56.7826,0.081,0.2964,2.8014,34.0031,0.2389,0.3342,1.4697,0.6592,0.5249,3.7652,0.6663,0.3848,0.3152,0.0232,0.0934,7.1106,4.9368,0.1595,0.1086,2.2634,4.6035,0.0802,0.6379,2.8404,0.9356,3.5039,12.7087,0.5116,2.2077,8.2643,31.8695,0.1392,0.8565,0.4984,11.6344,9.7619,0.9171,0.2961,1.1045,0.0816,0.0867,0.0978,0.098,292.0535,292.341,200.5354,15.613,4.587,3.9188,50.022,33.8991,18.267,11.5217,368.5988,304.7036,144.9532,216.0228,19.0038,1.159,0.0381,0.0656,0
"TCGA-FV-A3R2-11A",0.7851,0,1.7473,9.8018,0.4274,144.8301,1.727,0.1754,3.0341,7.1556,0.5368,0.9068,0.4966,0.2466,0.2733,2.4537,0.1622,0.1242,0.0284,0.2725,0.0453,9.7586,1.7003,0.2,0.0289,0.2267,0.5099,0.04,0.4788,6.6663,0.3859,3.255,6.2433,0.061,0.0643,4.3995,10.8506,0.1286,0.574,0.3051,6.5701,2.6422,0.9067,0.5396,1.6563,0.0241,0.0128,0.0237,0.0544,223.1748,472.7099,256.3228,15.5663,4.2186,3.7081,21.8341,25.1322,7.5978,7.924,264.165,185.8581,47.5871,239.2273,13.066,3.0871,0.0127,0.0218,0
"TCGA-DD-A73D-01A",2.5422,0.0087,3.1029,1.9453,2.1583,0.1813,0.007,0.1518,18.8284,3.9224,0.16,0.0872,0.0202,0.1389,0.0132,0.1542,0.0396,0,0.2384,0.0214,0.0059,3.8327,0.488,0.026,0.0067,0.6154,0.862,0.0139,0.0642,2.7675,0,0.2839,0.4787,0.0211,0.0334,1.5272,1.3048,0.0078,0.0189,0.0313,7.4454,6.7196,0.1105,0.0323,0.1443,0,0.0133,0.0123,0,113.7686,77.687,264.9513,2.92,0.4965,0.2872,2.4792,2.4122,0.7702,1.9243,33.1896,25.8819,16.8969,151.0758,9.3768,0.0902,0.0396,0.034,0
"TCGA-2V-A95S-01A",3.8872,0.0194,0.4424,22.2808,7.897,80.2248,0.1564,0.2711,10.202,11.2966,2.9263,1.7806,10.1787,1.0996,0.3535,4.0966,5.6284,2.6183,0.0735,0.292,0.413,32.3774,4.208,0.7965,1.2364,0.9076,7.0771,1.1136,4.9941,51.467,0.6516,9.2386,15.9898,2.2745,8.4154,23.431,12.8033,0.2599,3.0143,5.1166,5.6074,6.8735,0.9972,17.0865,3.1274,0.1958,0.2973,1.2216,0.353,1082.9873,1095.4994,1021.0239,129.6059,18.9443,14.66,53.8445,78.8625,11.5654,23.8326,1092.9453,501.9062,247.4659,598.8012,79.1954,13.6438,0.3238,0.1771,0.014
"TCGA-2Y-A9GT-01A",3.318,0.0207,3.1338,14.3608,1.3565,53.9398,0.0334,0.465,21.9263,6.697,0.7699,1.0404,4.3678,0.9738,0.0709,1.4797,1.9627,1.5681,0.0948,0.3313,0.4836,12.3642,6.9448,0.3252,0.8681,0.3192,1.5134,0.4465,3.0623,8.3303,0.6285,1.8039,3.3211,0.0756,1.4532,5.8477,17.7119,0.2723,1.3369,1.9358,3.9999,4.9642,0.791,2.6356,1.5069,0.0449,0.0477,0.1761,0.0404,647.3391,1400.1335,1215.5254,57.9436,9.0776,4.0679,48.8036,30.4138,8.8188,30.6111,607.431,338.8903,179.9073,439.5551,68.2128,4.8766,0.0157,0.027,0
"TCGA-DD-A11C-11A",0.742,0.0336,1.1917,10.8026,0.2346,79.4821,0.2433,0.1563,2.7484,9.9283,0.4981,0.875,0.2342,0.2597,0.0382,0.9406,0.0191,0.0467,0.0307,0.1752,0.0227,5.08,2.1489,0.0751,0.0064,0.1033,0.0475,0,0.2476,3.8309,0.1989,1.6308,1.9623,0.0204,0.0322,3.2702,17.8485,0.1618,0.4951,0.1209,6.1136,1.9559,0.649,0.1664,1.207,0.0726,0.1028,0,0.109,163.4793,226.0517,203.5524,6.317,1.5081,2.0939,17.578,12.0213,3.7754,2.8122,148.5586,75.2858,25.6012,111.1019,4.1349,1.1382,0.229,0.0875,0.0242
"TCGA-G3-A25Z-01A",1.1698,0,0.5881,13.2483,0.1239,39.6054,0.1325,0.1694,2.6718,5.4723,0.1503,0.3173,0.1472,0.1643,0.0816,1.0551,0.2524,0.1174,0.1256,0,0.0085,6.7568,1.1009,0.0283,0.0559,0.3505,0.9678,0.0303,0.1401,7.2415,0.1167,1.105,2.4792,0.0769,0.7771,2.7494,5.6347,0.0181,0.151,0.1292,20.4778,2.4653,0.6678,0.1019,4.5254,0.0091,0,0.0179,0,623.2258,815.5028,738.9014,13.0619,2.1978,2.0204,8.9992,13.5641,3.2711,5.6359,180.1072,110.9729,29.703,176.2239,30.3878,0.1515,0.0096,0.0082,0
"TCGA-DD-A114-01A",3.8626,11.9976,0.0523,8.7779,8.5459,39.1061,7.0339,0.0955,9.9548,13.7696,3.2781,2.2747,4.9986,0.976,0.691,5.03,2.1429,1.9928,0.1987,0.1558,0.4638,14.3734,0.9213,0.3787,1.7528,1.8827,4.7767,0.5233,3.166,15.5198,1.4936,8.6683,30.6822,0.7613,4.4958,18.0387,21.2412,0.3517,2.9396,2.0555,15.2375,6.5641,1.1214,1.2946,4.872,0.043,0.1372,0.5278,0.1745,901.7681,1134.9048,1054.46,36.6701,8.4342,11.6664,91.6415,65.1178,39.6213,34.2657,767.2361,571.8483,69.5886,425.3642,51.6457,3.823,0,0.3112,0
"TCGA-WX-AA46-01A",0.5773,0.0585,0.8434,8.7128,0.1591,87.4913,0.0157,0.1589,1.6398,3.6201,0.6945,0.554,0.0831,0.0811,0.0345,1.0515,0.0741,0.0362,0.0526,0.1237,0.0527,5.2276,1.2502,0.1746,0.0599,0.192,0.0552,0,0.0959,5.0427,0.0514,1.0462,1.412,0.1973,0.0873,3.2361,11.8156,0.3435,0.2059,0.1327,6.6207,1.8794,0.3842,0.0805,0.5305,0.0094,0.01,0.0092,0.0338,100.909,113.8117,139.8464,5.6863,1.2542,2.0038,16.9762,11.3617,3.003,3.0254,140.1371,72.8584,21.9253,115.2488,2.2519,0.6328,0.0789,0,0.0094
"TCGA-NI-A8LF-01A",1.9866,0.0221,9.9675,9.5047,3.5046,11.0569,0.0833,0.7777,6.2827,7.8816,0.1841,0.3035,0.3091,0.4349,0.0504,0.3614,0.0757,0.0548,0.0096,0.0408,0.0249,7.3152,1.1035,0.0881,0.0255,0.4179,2.9691,0.0706,0.2587,8.0624,0.243,0.5941,2.0353,0.0538,0.3683,3.5442,9.9875,0.0501,0.237,0.065,5.7658,4.578,0.3018,1.1801,0.3574,0.0426,0.0113,0,0.0096,104.922,90.2475,322.8538,20.389,1.5142,0.6276,6.3768,5.3954,0.9233,1.4648,111.4185,71.1036,12.9765,109.4532,3.8259,0.2356,0.0448,0.0289,0
"TCGA-DD-A39Z-11A",0.4224,0.0076,0.5523,8.9551,0.0478,76.6655,0.4036,0.2253,1.2999,4.332,0.1217,0.0837,0.0265,0.0379,0.0346,0.2262,0.0173,0.0141,0.0793,0.2331,0.0256,3.7829,4.3757,0.034,0.0087,0.0887,0.0645,0.0121,0.07,4.2879,0.1699,0.2363,1.069,0.0092,0.1165,2.5132,10.138,0.1274,0.1712,0.0213,4.9902,1.916,0.1593,0.0658,0.8924,0,0,0,0.0493,121.9251,107.6645,105.8236,2.9674,0.4655,0.7521,5.1201,4.7639,0.9574,1.0719,43.3729,26.9739,7.7,77.1365,5.0103,0.9328,0.0115,0.0099,0.0109
"TCGA-DD-A1EC-01A",3.2962,0,0.7136,8.0856,5.5199,1.1864,0.0207,0.0225,16.1787,5.2496,5.1413,2.7615,4.4972,1.2849,0.7472,4.7891,2.4857,1.766,0.1663,2.4618,0.5259,5.9193,4.911,0.8547,1.7237,1.37,3.736,0.9948,3.9763,18.5795,1.8555,7.7187,11.693,0.4298,4.2716,10.8129,26.5523,0.5859,5.9907,3.5345,20.1533,4.9763,0.5723,0.8691,4.8062,0.983,0.8181,1.7748,1.6051,683.9079,1217.166,956.9504,61.9063,12.0415,10.1776,48.4446,39.6011,28.027,59.5947,826.1323,413.058,97.0356,351.7785,25.459,12.8674,0.566,1.2915,0.1299
"TCGA-DD-AAE2-01A",1.522,0,1.0603,7.8779,1.0207,45.1669,0.0115,0.2582,7.3347,6.5992,4.3416,0.9328,2.2386,0.5609,0.1249,1.4217,0.579,0.365,0.0411,0.1714,0.1982,6.4654,0.4527,0.1068,0.3543,0.4668,1.3985,0.308,1.3597,18.7529,0.2921,1.9777,3.2527,0.0695,0.5218,4.0884,16.8811,0.175,0.7327,0.7736,7.9015,3.3133,0.2649,0.5498,1.3957,0.0206,0.0767,0.0911,0.1116,324.0628,471.398,510.9097,27.7215,3.9874,3.8518,22.0937,20.7566,8.3441,6.8325,350.5865,164.1631,55.9703,256.3371,23.0812,1.8959,0.0543,0.0093,0
"TCGA-DD-A39W-11A",0.3015,0,0.2436,6.8919,0.1737,112.2717,0.2212,0.1522,2.2971,4.3104,0.2057,0.4983,0.0912,0.0947,0.0248,0.6356,0.0298,0.0182,0.0853,0.2208,0.0442,4.5816,0.3903,0.0878,0.01,0.2454,0.1204,0.0104,0.1327,7.8995,0.1377,0.7595,1.4259,0.0238,0.0502,3.2842,8.9903,0.1623,0.2184,0.1937,3.7286,1.3641,0.4226,0.0324,0.7235,0,0.03,0.037,0.0085,130.3623,139.6464,186.1886,3.809,0.8779,0.9518,9.3398,6.983,2.8192,5.6736,75.6466,71.7696,35.958,109.8161,3.8836,0.8191,0.0793,0.0341,0
"TCGA-DD-AAD0-01A",1.5716,0,0.6936,11.4618,0.3514,2.0266,0.015,0.7476,2.5447,11.1915,0.3039,0.0747,0.0216,0.1719,0.0353,0.3368,0.0212,0.0345,0.4277,0.0171,0.044,5.1096,2.8918,0.0278,0.0214,0.1203,0.6986,0.0445,0.103,11.7135,0.3309,0.6996,1.7518,0.0339,0.1071,3.9943,7.9994,0.0249,0.1656,0.0261,15.901,3.3444,0.0977,0.2768,2.15,0.0134,0.0143,0,0.0121,279.5747,157.5214,260.7649,2.7832,0.4478,0.222,3.0287,2.0516,0.7716,0.5693,30.9082,14.5162,5.393,112.8435,12.9558,1.5003,0.0141,0.0121,0
"TCGA-DD-A11D-11A",1.3744,0.0503,0.647,14.7368,0.7856,164.8075,0.3581,0.2391,6.2282,10.4187,1.1947,1.1772,0.8094,0.5065,0.1464,2.1241,0.6498,0.381,0.0941,0.1905,0.1756,7.2998,0.8685,0.2503,0.3669,0.1754,0.5225,0.2272,1.0364,9.4825,0.3754,2.1837,3.1744,0.224,0.8366,5.588,17.2234,0.2425,0.8586,0.8561,6.0094,2.5758,1.9087,0.6131,1.1599,0.0242,0.0128,0.1423,0.0981,596.3537,1015.7252,833.7446,11.8964,3.0056,4.093,34.0468,25.8379,10.1905,3.1316,335.2458,188.8369,35.991,246.352,25.4303,1.9606,0.3179,0.0328,0
"TCGA-EP-A2KB-01A",1.3999,0,0.8021,12.4762,0.7357,25.6557,0,0.6982,3.771,9.1828,0.1591,0.1613,0.2962,0.1539,0.0763,0.5992,0.3055,0.1056,0.014,0.0412,0.0362,5.9027,8.3909,0.04,0.072,1.1836,0.6834,0.0214,0.4327,1.9903,0.1589,0.8243,1.7162,0.0651,0.3343,3.2454,1.3518,0.0347,0.2297,0.1664,11.4125,4.9071,0.2629,0.1163,0.2132,0,0.0411,0.0284,0.061,206.2677,85.3514,256.9228,4.8254,1.2188,0.7748,5.6499,6.4819,3.9988,2.9795,88.2241,63.8604,31.1977,151.1076,3.8673,1.0643,0.0102,0.0349,0
"TCGA-G3-A7M9-01A",1.3457,0.0948,0.3012,7.5273,0.1491,17.3068,0.42,0.6527,2.5871,17.244,0.211,0.1426,1.0746,0.2523,0.1379,1.16,0.387,0.1611,0.0598,0.1698,0.08,9.8177,2.6151,3.5362,0.3274,3.5285,2.662,0.9945,0.6411,6.0433,0.0624,2.2187,2.191,0.2014,1.1214,4.014,9.6206,0.0578,0.5688,0.4585,22.7319,7.8274,0.1484,0.3915,2.1304,0.0114,0,0.0782,0.041,145.7418,140.8472,125.8208,7.1387,1.3653,0.9517,8.5212,8.4575,2.2135,6.4608,71.2523,56.0739,13.8061,111.2204,5.0752,1.7269,0,0.0412,0
"TCGA-DD-AAVW-01A",1.9492,0,1.1387,11.0937,0.4753,106.5336,0.0817,0.6142,4.6459,10.3001,0.2289,0.7122,0.3776,0.6585,0.1155,1.771,0.7863,0.3199,0.0238,0.0935,0.1851,7.1219,5.0264,1.2872,0.1675,4.97,2.6296,0.1456,0.6177,8.1072,2.0575,2.0568,3.893,0.4436,1.0707,4.721,6.3694,0.2572,1.1974,0.3087,5.0437,4.8939,0.4933,0.3772,0.9684,0,0.0311,0.0718,0.0527,202.552,227.3376,316.3098,12.3228,3.1754,3.1899,31.7605,17.7357,11.7086,8.1689,270.6102,149.268,37.6303,219.3999,7.4833,0.4291,0,0.0264,0
"TCGA-DD-AACQ-01A",1.5818,0,0.5552,9.3419,0.3119,21.7392,0.0064,1.0802,6.474,9.5178,0.4681,0.0479,0.2223,0.0835,0.0121,0.0791,0.0182,0.0074,0.2412,0.0538,0.0108,19.11,5.2831,0.0594,0.0245,0.2843,1.4101,0,0.191,14.2397,0.021,0.4536,1.3293,0.0484,0.3057,3.1731,10.2633,0.01,0.0449,0.0255,9.3528,3.2265,0.1672,0.1974,1.1239,0.0344,0.0122,0.0225,0.0103,162.3708,107.7609,151.9167,2.3742,0.4885,0.1949,0.4055,2.1241,0.2314,0.4516,13.8352,5.785,1.9115,115.2895,15.6754,1.5828,0.0242,0.0104,0
"TCGA-DD-A1EF-01A",0.6671,0.042,1.6082,6.5426,1.0867,8.7182,0.0226,1.0268,1.9789,17.6961,0.2743,0.3229,0.7979,0.9297,0.2126,1.4803,0.8297,0.7011,0.0475,0.129,0.35,6.1056,0.3143,0.1463,0.4407,1.9731,3.9857,0.2678,1.6531,2.3433,0.8666,1.8817,2.9581,0.1701,1.7194,2.115,6.6199,0.125,1.1117,1.2389,12.0672,3.4083,0.5183,0.6767,0.8328,0,0,0.0198,0.0182,110.4405,128.9777,67.9933,7.8591,3.0793,2.6379,24.1544,15.347,3.8547,6.6705,206.9375,71.5437,39.5553,83.4848,4.6373,0.9609,0,0,0
"TCGA-DD-AAVZ-01A",1.1991,0.0394,1.9152,16.8701,0.2413,114.9631,0.0159,0.3042,2.705,11.6301,0.0878,0.1681,0.2752,0.192,0.0374,0.7207,0.1236,0.0823,0.1648,0.0666,0.0733,3.9561,4.2414,0.0589,0.0265,1.4383,0.419,0.1258,0.0728,1.4024,0.6103,0.6664,3.0473,0.0599,0.2271,6.6886,12.6969,0.125,0.4706,0.0671,11.599,3.442,0.2179,0.1711,2.1281,0,0,0.0279,0.0128,263.7672,230.8098,227.6724,5.4112,1.3555,1.6226,7.1965,13.2223,6.2579,6.2086,124.4057,97.4517,50.8895,139.4347,13.6552,0.3856,0,0.0129,0
"TCGA-DD-AAVP-01A",1.4293,0.1103,4.4617,15.8429,0.033,0.3285,0.0127,0.4035,2.8787,8.5016,3.6383,1.7062,0.4397,0.1101,0,0.6148,0.1436,0.0438,0.0411,0.029,0.0426,6.518,0.418,0.823,0.4535,0.1939,1.9635,0.0753,0.1744,3.8559,0.0622,0.5861,2.3333,0,0.2418,6.1735,14.4402,0.0253,0.0889,0.0757,6.6032,1.9175,0.2873,0.1952,1.1115,0,0.0483,0.0446,0.0409,224.464,472.1984,371.1012,38.4068,4.4394,1.2142,21.3433,25.7299,2.8525,3.745,407.0139,284.1791,54.4056,230.4927,17.7463,0.6412,0.0239,0.0205,0
"TCGA-UB-A7MA-01A",4.1847,2.5988,0.7655,11.464,0.2315,0.8229,0.5983,0.5198,3.4728,25.0894,0.1966,0.0805,0.3618,0.1403,0.0762,0.7192,0.2745,0.1303,0.0419,0.1233,0.0475,7.292,0.2662,2.1717,0.1387,0.5002,2.2739,0.096,0.3517,11.1639,0.1982,0.9448,5.1439,0.0609,10.3208,10.6614,23.9746,0.0824,0.3396,0.233,13.9784,8.4335,0.1885,0.1741,1.4437,0,0,0,0.013,337.6952,346.4723,435.4917,17.3741,2.0001,1.9642,15.332,17.6028,3.0969,7.7552,119.3761,82.3609,52.6469,218.5761,10.3225,0.2402,0.0457,0.0131,0
"TCGA-PD-A5DF-01A",2.0244,0,0.2344,9.5734,0.3422,30.4491,0.0292,0.1582,3.707,17.9413,0.4627,0.3181,0.3162,0.7827,0.2064,2.7716,0.9915,0.3614,0.1396,0.0111,0.0796,12.2576,4.0459,0.0676,0.3165,0.4685,3.9917,0.1733,0.2675,15.7721,0.1671,4.0117,7.152,0.4293,2.4867,6.9092,13.2915,0.0744,0.3696,0.3992,9.6737,3.4259,0.2554,0.5503,0.9779,0.0131,0.0278,0.0385,0.0236,264.882,288.1986,394.1604,15.7345,3.5791,1.8127,22.4904,21.5772,5.5327,3.4568,196.662,108.1364,22.9154,166.8092,20.7139,0.2821,0.0275,0.0236,0
"TCGA-XR-A8TF-01A",0.9949,0,3.1027,8.9147,0.3596,2.1536,0,0.1719,3.2168,7.0768,0.3845,0.277,0.7865,0.1569,0.0145,0.5272,0.6296,0.2385,0.0995,0.0527,0.0644,7.0599,0.6998,0.1706,0.1024,0.1993,0.7824,0.0152,0.4744,13.3245,0.0125,0.7015,1.3498,0.0116,0.2193,4.1501,5.4456,0.0306,0.2314,0.1793,16.0571,4.2878,0.1158,0.1416,1.1332,0.0137,0.0146,0.0269,0.0371,102.9939,69.776,139.1045,3.8994,1.0273,1.3226,7.6586,7.567,3.7598,4.4102,78.7854,58.4068,7.0992,153.0885,3.4455,0.6537,0.0433,0.0124,0
"TCGA-DD-A11B-11A",0.5949,0.242,0.4986,10.3624,0.1523,76.0093,1.4719,0.1479,2.3173,7.0726,0.316,0.4853,0.2673,0.2658,0.0276,0.7297,0.1517,0.0561,0.1232,0.0149,0.0572,5.053,0.7222,0.1625,0.0372,0.1489,0.5483,0.0579,0.4464,5.1851,0.2549,0.6063,1.3271,0.0588,0.1625,3.4366,9.1431,0.1318,0.3202,0.2083,6.3049,1.6207,0.3543,0.1649,0.636,0.0523,0,0.0342,0.0629,171.3903,241.2304,244.1172,4.8476,1.2729,1.828,10.2001,10.3404,3.5667,4.9158,112.7381,67.825,16.7599,106.2328,7.2075,0.7145,0.0184,0.0158,0
"TCGA-DD-A1EL-11A",1.0536,0,0.4137,10.3843,0.1514,110.5874,0.8452,0.0646,3.2552,6.062,0.7216,0.9685,0.2259,0.1801,0.1095,1.3824,0.1139,0.0772,0.1174,0.1636,0.06,3.8069,5.7799,0.1491,0.0383,0.2733,0.1572,0.0177,0.3686,8.1562,0.2851,1.7321,2.7338,0.2562,0.1491,4.22,8.5609,0.2587,0.4238,0.2045,4.8769,2.3627,0.9169,0.2063,0.0768,0.032,0.0425,0.0628,0.0721,207.9757,310.5647,402.0417,7.3107,1.9015,2.2068,13.0065,13.9952,5.7013,1.739,160.739,137.4124,14.2186,125.6493,4.944,0.7176,0.1263,0.0362,0.008
"TCGA-CC-A5UE-01A",2.3734,0.0464,0.6183,20.8329,0.3568,7.36,0.0523,0.4645,5.7853,19.9801,0.2259,0.1489,0.3453,0.1714,0.0423,1.1457,0.2961,0.1205,0.3053,0.114,0.0188,23.6238,6.0648,1.3019,0.0677,0.7709,1.8004,0.074,0.3766,28.8872,0.391,1.6487,5.018,0.0789,1.0327,11.0101,15.1387,0.0646,0.2456,0.156,22.1294,6.2447,0.4666,0.1725,0.6803,0,0.0142,0.0263,0.0362,167.4732,170.6058,318.1704,8.9534,2.2861,1.2601,7.8466,14.0801,5.8458,4.1486,176.004,95.8431,26.6133,221.7809,8.6221,0.2666,0.0141,0.0121,0
"TCGA-GJ-A6C0-01A",2.7573,0,0.1579,15.0968,1.2001,46.7473,0.0556,0.2765,10.1417,13.3867,3.1934,5.4633,0.7307,0.4132,0.2152,2.6533,0.3144,0.0782,0.102,0.0188,0.0207,23.7538,1.8805,1.3267,1.1058,0.4951,2.4092,0.1344,0.2262,19.1842,0.4944,4.0552,4.0489,0.1489,1.7203,7.3647,35.3997,0.0493,0.8943,0.2301,7.5663,4.4708,1.0203,0.3703,4.5579,0.011,0.0235,0.1518,0.01,822.611,1262.3332,1077.1024,15.1725,4.598,4.4996,32.4074,25.079,16.7382,10.1745,341.2131,272.3913,38.5861,386.9194,52.3858,1.0457,0.0349,0,0
"TCGA-ZP-A9CZ-01A",2.3158,0.028,0.5596,5.3203,1.4984,6.5401,0.0075,0.4068,4.3898,13.6503,0.603,0.7662,1.2029,1.0374,0.198,2.4397,1.0194,0.432,0.0341,0.0515,0.1385,6.7197,0.4754,0.1947,0.1967,0.7798,4.0777,0.2079,2.4581,13.8185,0.7239,2.8087,4.5974,0.4187,1.6985,7.5784,7.2798,0.1314,0.6388,0.8954,7.8853,3.7264,1.7813,1.2586,0.6831,0.0134,0.0714,0.1186,0.0969,276.6576,548.841,350.4905,24.5909,6.1725,4.7706,24.527,36.8497,15.5468,23.2711,435.8348,362.1462,185.9209,149.4576,26.5055,1.8962,0.1555,0.0121,0
"TCGA-RC-A7SB-01A",1.2713,0.0073,1.0608,4.4919,0.945,28.2745,0.0527,0.4398,2.8953,8.7828,0.5133,0.3643,0.1352,0.3083,0.0386,0.8713,0.1822,0.027,0.0816,0.0536,0.0098,7.1094,0.7748,0.0325,0.053,0.7691,0.6483,0.0463,0.1072,5.4196,0.1627,0.822,1.7801,0.1147,0.3346,8.2707,14.7715,0.0234,0.4729,0.1309,15.5965,1.6939,0.3694,0.1711,1.1459,0.0105,0.0223,0.0206,0.0283,138.0978,94.7204,166.8665,6.1109,1.018,0.6534,7.991,9.5561,3.4139,2.3633,79.601,64.7695,10.1505,137.7393,3.6961,0.2957,0.0992,0,0.0105
"TCGA-RC-A7SH-01A",1.0014,0,0.2147,13.0266,0.1012,1.2429,0.4574,1.9762,4.8376,23.5878,0.0859,0.0781,2.7317,0.0333,0.0338,0.2686,0.3045,0.0826,0.1308,0.0342,0,12.389,5.4013,0.1163,0.0214,1.6921,4.0045,0,0.1027,4.5014,0.0733,0.6001,4.3474,0.0135,1.5593,7.7219,22.2413,0.0318,0.2318,0.1426,15.5866,3.0253,0.0185,0.1242,2.6178,0,0,0,0.0145,465.5714,274.1042,345.0358,3.3936,0.3767,0.3268,2.2813,2.6982,0.8046,0.8636,17.808,18.7322,1.6289,193.9695,11.0481,0.613,0.0169,0.0145,0
"TCGA-2Y-A9GW-01A",1.7253,0.4774,0.5735,14.5704,1.4288,51.0846,0.3308,0.1612,4.1329,9.1122,0.9751,1.2448,0.2776,0.553,0.3044,3.1711,0.7074,0.363,0.0349,0.0704,0.2,10.1743,10.8451,0.4418,0.4691,0.5876,3.6244,0.1827,0.7223,6.7712,0.8299,4.285,6.8267,0.2552,1.7956,3.8974,15.7056,0.1125,0.8328,0.432,14.2143,3.4068,0.9339,0.6627,2.206,0,0.0146,0,0.0124,485.6333,835.3969,502.4487,30.6721,8.7135,6.1915,53.2656,34.9235,33.7905,35.0416,652.5393,453.0126,236.3852,215.7312,31.168,0.3963,0.0145,0.0373,0
"TCGA-WX-AA47-01A",0.3396,0,1.8871,3.6927,0.119,0.1391,0.0242,0.0175,1.6705,1.9595,0.2258,0.0602,0.0116,0.035,0,0.0284,0,0,0.0052,0,0,5.5312,3.1819,0.6873,0.1729,0.5544,1.7297,0.0479,0.0739,2.2951,0.0132,0.3952,1.4399,0.0122,0.096,4.231,41.3164,0.0018,0.0261,0.008,6.5178,1.2055,0.0442,0.7319,0.5401,0.0144,0,0,0,160.4721,69.2015,58.3122,5.3768,0.1905,0.0367,1.2912,1.2576,0.1525,1.2545,23.6678,9.7138,1.1133,71.8789,7.6947,0.0479,0,0,0
"TCGA-ED-A66Y-01A",0.2787,2.2836,0.7242,18.8438,0.2714,37.9437,0.0073,0.9247,0.6677,17.4564,0.0482,0.0815,30.2027,0.0496,0.0274,0.2434,0.0617,0.0167,0.0118,0.1663,0.0183,9.7558,1.1514,0.0269,0.0312,0.7888,3.2216,0,0.1832,1.0042,0.0475,0.3084,0.9208,0.0439,0.1559,4.9568,13.3498,0.0226,0.8107,0.0325,18.4909,4.1448,0.2394,0.0671,0.0999,0,0,0,0,30.6576,25.1967,60.985,1.7122,0.4247,0.2264,1.5856,3.2081,1.1834,1.4904,31.2518,22.3188,19.5311,42.5369,1.5663,0.4178,0.0137,0,0
"TCGA-DD-AACT-01A",3.1134,9.728,1.8871,26.6338,0.1433,40.544,0,0.3579,11.5107,4.1808,0.1779,0.4744,0.5318,0.2125,0.1197,0.6937,0.2156,0.1024,0.1317,0.184,0.0426,10.1779,20.8283,2.1181,0.0908,1.2712,0.536,0.1257,0.5236,9.0302,0.4153,1.3768,3.5601,0.0383,0.6354,3.1804,17.1212,0.2365,0.4584,0.3472,12.4798,3.6962,0.8276,0.5862,3.599,0.0455,0.0966,0.0446,0.1844,740.5307,1445.8655,942.1031,67.8604,5.9937,1.0706,12.1091,23.8225,2.5812,4.4461,651.1651,531.7957,104.0124,401.7219,61.2781,0.7802,0.1435,0.0206,0
"TCGA-ZS-A9CG-01A",1.199,0.0266,7.3802,7.8349,6.4615,1.1207,0.0785,0.4641,3.3316,8.2697,0.4576,0.3376,0.1443,0.3716,0.0404,0.5218,0.101,0.0411,0.1989,0.0326,0.012,5.3717,0.6917,0.2645,0.4183,0.4417,2.0956,0.0141,0.1961,1.2,0.2334,0.8746,1.2328,0.1937,0.221,7.2746,6.857,0.0301,0.1499,0.0816,7.8348,2.3394,0.4308,0.0769,0.8457,0.0128,0,0.0877,0.0345,230.8757,259.2228,416.9218,13.4195,1.6348,1.0731,10.3682,9.3684,1.824,1.8242,125.204,70.8385,16.4743,176.1068,6.4901,0.1838,0.0538,0,0
"TCGA-DD-AADK-01A",2.1925,0.1428,0.6796,21.377,0.2745,38.918,0.1479,0.5016,2.6155,5.9547,0.112,0.2557,0.3795,0.308,0.0619,0.8249,0.4707,0.2506,0.2969,0.0501,0.1137,7.1206,2.5183,0.9361,0.1859,0.7625,2.1809,0.2113,0.9783,11.5822,0.7856,1.0144,3.752,0.0248,11.056,6.5063,9.6334,0.0637,0.5088,0.3634,10.3127,3.425,0.1916,0.7393,2.1655,0.0073,0.0312,0.0361,0.0464,226.2087,282.5884,187.6849,16.0923,2.3912,1.7373,4.8959,15.0361,3.9459,8.8779,172.4491,127.4017,16.3155,109.3159,7.9916,0.4558,0.0387,0,0
"TCGA-BC-A216-01A",2.2833,1.6418,1.5896,6.9164,0.4518,75.606,0.0245,0.5088,8.3373,7.8998,0.519,0.1753,7.5322,0.9336,0.1789,0.8253,3.0407,0.6978,0.0456,0.1541,0.2722,22.9029,14.1639,0.3063,1.2984,0.6596,0.7751,0.5695,2.1456,11.6851,0.2803,3.7516,3.2964,0.0369,0.6564,8.0108,22.7349,0.1507,1.659,2.8915,11.6316,5.5856,0.6846,1.1022,1.346,0.0657,0.7453,1.6345,0.0691,460.7601,554.7983,255.8823,24.2034,3.7777,1.5344,17.3228,21.4073,1.3359,5.0278,233.3142,167.3165,42.1052,192.2397,30.9509,7.5101,0.0807,0.0694,0.011
"TCGA-DD-AADV-01A",1.7502,0.0062,1.0392,18.9289,0.3002,40.3691,0.0251,0.3766,5.8951,9.2308,0.2622,0.4679,0.1447,0.4908,0.0425,1.1302,0.0709,0.0462,0.1153,0.0841,0.042,7.1365,3.568,0.5664,0.0525,1.1678,1.2336,0.0496,0.2181,15.1071,0.2868,1.3038,2.1138,0.0831,0.2388,7.0431,5.3537,0.1677,0.3779,0.1295,9.0423,4.0988,0.8216,0.4009,1.0586,0.0269,0.0286,0.0264,0.0647,239.1734,296.9167,564.5127,10.531,2.4373,3.4518,22.1265,20.4413,5.8705,4.9907,218.806,112.6951,36.2825,206.3409,4.6593,0.5362,0.0849,0.0162,0
"TCGA-DD-AAE7-01A",1.0402,0.0276,1.9214,17.1315,0.5204,106.5455,0.2887,0.0882,2.3484,6.5974,0.3273,0.235,0.4648,0.1583,0.0209,0.7921,0.3455,0.115,0.1403,0.1354,0.2607,5.2589,3.0378,0.0617,0.0688,0.1781,0.8784,0.0439,0.7882,4.5332,0.3811,1.6534,2.1294,0.0335,0.4231,3.4249,5.1398,0.1353,0.7714,0.2207,10.1917,2.3521,0.2437,0.3416,1.3346,0.0199,0.1267,0.0975,0.0895,156.3656,182.8506,179.3105,9.977,2.1495,1.762,9.1574,20.681,5.7624,3.9411,202.5116,96.7619,41.1953,124.3495,10.1733,1.3419,0.0627,0.0898,0
"TCGA-DD-AACX-01A",2.2026,0,1.0571,15.0695,0.8118,100.1517,0.0432,0.7485,8.4307,11.2121,0.3711,0.0806,0.3739,0.6688,0.061,0.7731,0.0814,0.0248,0.1352,0.0768,0.0362,18.0787,10.4301,1.9328,0.048,0.3737,0.5945,0.1566,0.1483,6.4625,0.0588,0.7527,1.3989,0.0325,0.1371,2.8568,3.5547,0.0096,0.1511,0.0965,12.0047,3.7154,1.5149,0.0332,1.4207,0.0129,0.0547,0.0884,0.0116,452.232,628.9138,635.1376,49.2569,6.4402,0.8522,17.0289,16.1081,2.4651,1.9897,284.2679,215.5549,59.5568,233.1087,26.6414,0.4276,0,0,0
"TCGA-DD-AADQ-01A",2.6024,0,1.1594,10.4546,1.5157,48.271,0,0.1047,12.2419,3.5495,0.3791,0.1173,0.4394,0.1796,0.0546,0.4915,0.3485,0.1418,0.0681,0.0497,0.0304,6.0531,7.1227,1.4499,0.0898,0.2048,1.6689,0.2437,0.1493,3.3154,0.1658,0.6898,1.7353,0.0437,1.1564,3.8232,18.9898,0.0305,0.1249,0.3782,5.7955,5.8854,0.5218,0.379,15.7032,0.0778,0.0551,0.0636,0.0234,2317.3678,2932.0324,1720.7694,88.3668,4.5415,0.4017,16.9834,16.9843,1.4565,3.5205,705.0758,445.3659,89.4511,720.909,193.3777,0.6891,0.0682,0.0117,0
"TCGA-DD-A39W-01A",1.0844,0.0081,2.9491,15.8896,5.3893,0.6346,0,0.7548,2.4623,5.6068,0.2213,0.4064,0.1225,0.1619,0.0431,0.6326,0.1385,0.1203,0.0381,0.0747,0.0493,5.7878,0.1282,0.121,0.1027,0.2394,0.9757,0.0129,0.3439,0.9566,0.1067,0.5969,1.2142,0.0984,0.311,0.3529,6.739,0.0347,0.2462,0.1752,10.0842,4.0869,0.1075,0.0703,0.4933,0,0,0,0.0316,138.5178,79.8651,123.0294,6.6123,1.4012,1.874,13.4596,8.5243,4.8303,11.6285,129.1329,98.5907,47.9928,118.2398,2.776,0.2652,0.1967,0.0634,0
"TCGA-DD-A1EJ-01A",1.5672,0,0.2667,15.9462,0.0456,21.9313,0.0088,0.765,0.8752,21.2645,0.2031,0.2342,0.4674,0.6643,0.0989,2.6976,0.1857,0.0856,0.1631,0.02,0.0257,6.1956,0.2494,0.0486,0.0438,6.484,1.5384,0.0433,0.2605,2.2855,0.1216,3.1258,3.0065,0.0858,0.3439,0.7062,17.8306,0.0291,0.4406,0.1283,12.5307,3.55,1.4104,0.0337,0.3231,0,0,0.0077,0,156.2167,65.2166,33.1635,10.6961,3.0838,4.063,32.3575,18.4045,4.1451,7.1358,291.2802,97.6749,49.7283,87.7628,1.5471,0.4854,0.0082,0,0
"TCGA-DD-AAED-01A",1.2444,0,0.1869,22.0608,0.0745,1.7101,0.0107,1.7684,3.2914,10.2377,0.1108,0.1603,0.7903,0.2794,0.0506,1.0117,0.4556,0.1112,0.0244,0.0491,0.009,20.416,20.1646,0.3779,0.0358,1.107,1.4531,0.0212,0.0737,8.3789,0.193,3.2376,5.1982,0.0971,1.3807,38.8279,18.2121,0.0286,0.3238,0.096,17.6875,3.5269,0.8982,1.0898,1.2166,0,0,0.1131,0,241.9431,51.5151,38.849,8.1759,1.4653,0.2853,0.5993,6.4845,1.6525,2.5314,28.9184,23.6921,44.5343,94.9896,6.6049,1.2761,0,0.0347,0
"TCGA-CC-A9FW-01A",1.9794,0,0.2742,11.4212,1.1085,3.1032,0.0059,0.0804,2.1967,13.1618,0.2245,0.124,0.6005,0.3413,0.0331,0.7844,0.92,0.2765,0.1025,0.0581,0.0835,6.417,1.3952,0.1194,0.3071,0.4565,2.2763,0.0696,0.7513,1.0131,0.2586,0.9719,1.76,0.2915,2.2607,5.4886,18.7063,0.0519,0.4134,0.5242,16.3434,6.5195,0.4541,0.3425,0.3119,0.0105,0.0111,0.1235,0.0756,221.8654,95.8933,397.5716,5.4618,1.0074,0.6495,3.5455,5.5567,3.5303,3.888,72.5008,66.0543,5.619,85.4966,9.5363,1.1898,0.0331,0,0
